StateAbbr,StateDesc,CountyName,CountyFIPS,TotalPopulation,ACCESS2_CrudePrev,ACCESS2_Crude95CI,ACCESS2_AdjPrev,ACCESS2_Adj95CI,ARTHRITIS_CrudePrev,ARTHRITIS_Crude95CI,ARTHRITIS_AdjPrev,ARTHRITIS_Adj95CI,BINGE_CrudePrev,BINGE_Crude95CI,BINGE_AdjPrev,BINGE_Adj95CI,BPHIGH_CrudePrev,BPHIGH_Crude95CI,BPHIGH_AdjPrev,BPHIGH_Adj95CI,BPMED_CrudePrev,BPMED_Crude95CI,BPMED_AdjPrev,BPMED_Adj95CI,CANCER_CrudePrev,CANCER_Crude95CI,CANCER_AdjPrev,CANCER_Adj95CI,CASTHMA_CrudePrev,CASTHMA_Crude95CI,CASTHMA_AdjPrev,CASTHMA_Adj95CI,CERVICAL_CrudePrev,CERVICAL_Crude95CI,CERVICAL_AdjPrev,CERVICAL_Adj95CI,CHD_CrudePrev,CHD_Crude95CI,CHD_AdjPrev,CHD_Adj95CI,CHECKUP_CrudePrev,CHECKUP_Crude95CI,CHECKUP_AdjPrev,CHECKUP_Adj95CI,CHOLSCREEN_CrudePrev,CHOLSCREEN_Crude95CI,CHOLSCREEN_AdjPrev,CHOLSCREEN_Adj95CI,COLON_SCREEN_CrudePrev,COLON_SCREEN_Crude95CI,COLON_SCREEN_AdjPrev,COLON_SCREEN_Adj95CI,COPD_CrudePrev,COPD_Crude95CI,COPD_AdjPrev,COPD_Adj95CI,COREM_CrudePrev,COREM_Crude95CI,COREM_AdjPrev,COREM_Adj95CI,COREW_CrudePrev,COREW_Crude95CI,COREW_AdjPrev,COREW_Adj95CI,CSMOKING_CrudePrev,CSMOKING_Crude95CI,CSMOKING_AdjPrev,CSMOKING_Adj95CI,DENTAL_CrudePrev,DENTAL_Crude95CI,DENTAL_AdjPrev,DENTAL_Adj95CI,DEPRESSION_CrudePrev,DEPRESSION_Crude95CI,DEPRESSION_AdjPrev,DEPRESSION_Adj95CI,DIABETES_CrudePrev,DIABETES_Crude95CI,DIABETES_AdjPrev,DIABETES_Adj95CI,GHLTH_CrudePrev,GHLTH_Crude95CI,GHLTH_AdjPrev,GHLTH_Adj95CI,HIGHCHOL_CrudePrev,HIGHCHOL_Crude95CI,HIGHCHOL_AdjPrev,HIGHCHOL_Adj95CI,KIDNEY_CrudePrev,KIDNEY_Crude95CI,KIDNEY_AdjPrev,KIDNEY_Adj95CI,LPA_CrudePrev,LPA_Crude95CI,LPA_AdjPrev,LPA_Adj95CI,MAMMOUSE_CrudePrev,MAMMOUSE_Crude95CI,MAMMOUSE_AdjPrev,MAMMOUSE_Adj95CI,MHLTH_CrudePrev,MHLTH_Crude95CI,MHLTH_AdjPrev,MHLTH_Adj95CI,OBESITY_CrudePrev,OBESITY_Crude95CI,OBESITY_AdjPrev,OBESITY_Adj95CI,PHLTH_CrudePrev,PHLTH_Crude95CI,PHLTH_AdjPrev,PHLTH_Adj95CI,SLEEP_CrudePrev,SLEEP_Crude95CI,SLEEP_AdjPrev,SLEEP_Adj95CI,STROKE_CrudePrev,STROKE_Crude95CI,STROKE_AdjPrev,STROKE_Adj95CI,TEETHLOST_CrudePrev,TEETHLOST_Crude95CI,TEETHLOST_AdjPrev,TEETHLOST_Adj95CI,Geolocation
PA,Pennsylvania,Philadelphia,42101,"1,578,487",14.6,"(12.7, 16.6)",14.5,"(12.6, 16.4)",24.1,"(23.3, 25.0)",23.8,"(23.0, 24.7)",18.1,"(17.6, 18.6)",18.0,"(17.6, 18.5)",32.9,"(32.1, 33.8)",33.5,"(32.6, 34.3)",75.8,"(75.0, 76.5)",61.6,"(60.8, 62.4)",5.5,"( 5.3,  5.7)",5.4,"( 5.2,  5.5)",11.9,"(11.5, 12.3)",11.9,"(11.5, 12.4)",81.5,"(79.7, 83.2)",82.0,"(80.4, 83.6)",6.4,"( 6.0,  6.9)",6.2,"( 5.8,  6.6)",76.9,"(76.2, 77.5)",77.0,"(76.3, 77.6)",84.9,"(83.7, 85.9)",85.6,"(84.5, 86.5)",72.9,"(70.8, 74.9)",71.3,"(69.0, 73.3)",7.1,"( 6.4,  7.9)",7.0,"( 6.2,  7.8)",36.0,"(31.1, 40.8)",36.6,"(31.7, 41.2)",33.4,"(29.0, 37.9)",33.7,"(29.3, 38.2)",19.5,"(17.2, 21.8)",19.6,"(17.3, 21.9)",58.3,"(55.6, 61.2)",58.6,"(55.9, 61.6)",20.7,"(19.9, 21.5)",20.5,"(19.7, 21.4)",13.1,"(12.5, 13.8)",13.0,"(12.4, 13.6)",18.7,"(16.9, 20.4)",18.6,"(16.8, 20.3)",30.8,"(30.2, 31.5)",29.5,"(29.0, 30.0)",3.3,"( 3.1,  3.5)",3.3,"( 3.1,  3.5)",29.7,"(27.4, 31.8)",29.7,"(27.5, 31.9)",75.1,"(72.6, 77.6)",74.8,"(72.3, 77.4)",16.9,"(16.0, 17.8)",16.9,"(16.0, 17.8)",30.2,"(29.3, 31.1)",30.5,"(29.6, 31.4)",11.3,"(10.5, 12.2)",11.3,"(10.4, 12.2)",38.2,"(37.0, 39.3)",38.4,"(37.3, 39.5)",3.8,"( 3.4,  4.1)",3.7,"( 3.4,  4.0)",13.7,"(10.0, 17.7)",14.7,"(10.9, 18.9)",POINT (-75.1333459 40.0093755)
PA,Pennsylvania,Warren,42123,"38,911",10.4,"( 8.5, 12.4)",11.2,"( 9.0, 13.4)",34.0,"(32.3, 35.6)",26.0,"(24.7, 27.3)",16.3,"(15.6, 17.0)",19.9,"(19.1, 20.9)",38.1,"(36.4, 39.8)",30.4,"(29.0, 31.8)",79.9,"(78.7, 81.0)",56.6,"(55.1, 58.0)",8.7,"( 8.2,  9.2)",6.1,"( 5.8,  6.5)",10.0,"( 9.5, 10.6)",10.2,"( 9.7, 10.8)",81.9,"(78.9, 84.7)",82.4,"(79.7, 85.1)",9.2,"( 8.3, 10.1)",6.3,"( 5.8,  6.9)",79.3,"(78.3, 80.3)",75.5,"(74.2, 76.8)",87.1,"(85.8, 88.3)",83.3,"(81.6, 85.0)",75.8,"(72.9, 78.5)",73.2,"(70.0, 76.3)",9.6,"( 8.3, 11.1)",7.3,"( 6.4,  8.5)",36.2,"(28.3, 44.6)",36.6,"(28.8, 44.7)",33.3,"(26.1, 41.1)",33.6,"(26.5, 41.3)",19.6,"(16.5, 22.3)",21.2,"(17.6, 24.4)",62.8,"(59.0, 66.6)",61.8,"(58.0, 66.2)",21.8,"(20.6, 23.0)",23.3,"(21.9, 24.7)",12.6,"(11.6, 13.6)",9.3,"( 8.6, 10.0)",16.4,"(14.2, 18.8)",14,"(12.2, 15.9)",36.5,"(35.2, 37.8)",28.3,"(27.3, 29.3)",3.6,"( 3.3,  3.9)",2.7,"( 2.5,  2.9)",26.7,"(23.8, 29.6)",24.4,"(21.6, 27.1)",70.3,"(65.4, 74.7)",70.3,"(65.2, 74.8)",14.9,"(13.9, 15.9)",16.8,"(15.5, 18.0)",35.1,"(33.2, 37.1)",35.0,"(33.0, 37.1)",12.3,"(11.0, 13.6)",10.6,"( 9.5, 11.7)",33.7,"(31.9, 35.5)",35.2,"(33.3, 37.1)",3.9,"( 3.5,  4.5)",2.8,"( 2.5,  3.2)",12.4,"( 8.4, 16.9)",13.2,"( 8.9, 18.0)",POINT (-79.2981823 41.8342984)
PA,Pennsylvania,Columbia,42037,"64,842",10.7,"( 8.5, 13.3)",11.2,"( 8.9, 13.9)",28.7,"(27.2, 30.2)",25.2,"(23.9, 26.5)",18.4,"(17.4, 19.2)",20.2,"(19.3, 21.2)",33.8,"(32.3, 35.1)",30.7,"(29.2, 32.0)",77.1,"(75.8, 78.3)",56.8,"(55.4, 58.1)",7.4,"( 7.0,  7.9)",6.1,"( 5.8,  6.4)",10.4,"( 9.9, 11.1)",10.5,"( 9.9, 11.1)",80.6,"(77.4, 83.7)",82.7,"(79.9, 85.1)",7.6,"( 6.9,  8.4)",6.1,"( 5.6,  6.7)",78.2,"(77.0, 79.3)",76.1,"(74.8, 77.2)",84.3,"(82.6, 85.9)",83.4,"(81.7, 84.9)",76.8,"(73.7, 79.8)",74.5,"(71.0, 77.9)",8.2,"( 7.0,  9.4)",7.1,"( 6.2,  8.1)",39.8,"(31.2, 48.8)",40.2,"(31.9, 48.8)",37.7,"(30.2, 46.0)",38.0,"(30.5, 46.4)",17.8,"(14.9, 20.5)",19.8,"(16.4, 22.9)",65.6,"(61.8, 69.4)",64.4,"(60.7, 68.4)",22,"(20.7, 23.4)",22.6,"(21.3, 24.0)",10.6,"( 9.8, 11.5)",9.1,"( 8.4,  9.8)",14.8,"(12.8, 16.9)",13.8,"(12.0, 15.7)",33.2,"(32.0, 34.4)",28.5,"(27.5, 29.5)",3.1,"( 2.9,  3.4)",2.6,"( 2.5,  2.9)",23.7,"(21.0, 26.5)",23.0,"(20.3, 25.5)",73.9,"(69.3, 78.1)",73.9,"(69.2, 78.1)",15.7,"(14.5, 17.0)",16.4,"(15.2, 17.7)",33.4,"(31.6, 35.1)",34.7,"(32.8, 36.7)",11.0,"( 9.9, 12.2)",10.4,"( 9.4, 11.5)",33.9,"(32.1, 35.6)",35.5,"(33.7, 37.4)",3.3,"( 2.9,  3.8)",2.8,"( 2.5,  3.1)",11.8,"( 7.7, 16.5)",12.6,"( 8.2, 17.8)",POINT (-76.4042599 41.0455174)
PA,Pennsylvania,Lancaster,42071,"546,192",12.0,"( 9.9, 14.2)",12.4,"(10.2, 14.7)",28.5,"(27.1, 29.9)",24.4,"(23.2, 25.7)",16.7,"(16.1, 17.4)",18.5,"(17.7, 19.3)",31.9,"(30.6, 33.0)",28.7,"(27.5, 29.9)",75.8,"(74.6, 77.0)",55.6,"(54.5, 56.7)",7.5,"( 7.1,  7.9)",6.1,"( 5.7,  6.4)",10.1,"( 9.5, 10.6)",10.2,"( 9.6, 10.8)",81.7,"(79.0, 84.1)",82.4,"(79.7, 84.9)",7.3,"( 6.5,  8.1)",5.8,"( 5.2,  6.4)",79.0,"(78.0, 79.9)",77.1,"(76.0, 78.1)",85.5,"(84.1, 86.9)",84.3,"(82.8, 85.9)",76.3,"(73.4, 79.0)",74.2,"(70.9, 77.4)",7.6,"( 6.3,  8.9)",6.5,"( 5.5,  7.6)",41.9,"(33.5, 50.4)",42.3,"(34.0, 50.6)",33.5,"(26.7, 40.9)",34.1,"(27.4, 41.5)",17.3,"(14.4, 20.3)",18.3,"(15.2, 21.6)",64.7,"(60.8, 68.5)",64.2,"(60.2, 68.0)",21.6,"(20.3, 23.0)",22.3,"(20.9, 23.8)",10.8,"(10.0, 11.7)",9.2,"( 8.5,  9.9)",14.7,"(12.5, 16.9)",13.5,"(11.6, 15.6)",31.0,"(30.1, 32.0)",26.7,"(25.9, 27.5)",3.1,"( 2.8,  3.3)",2.6,"( 2.4,  2.8)",23.5,"(20.8, 26.1)",22.5,"(19.8, 25.1)",71.6,"(66.8, 76.0)",71.6,"(66.7, 76.0)",14.9,"(13.7, 16.1)",15.8,"(14.5, 17.2)",33.4,"(31.7, 34.9)",33.8,"(32.1, 35.3)",10.6,"( 9.4, 11.8)",9.8,"( 8.7, 10.9)",35.7,"(34.1, 37.3)",36.8,"(35.0, 38.5)",3.2,"( 2.8,  3.6)",2.6,"( 2.3,  3.0)",11.5,"( 6.8, 16.3)",12.4,"( 7.4, 17.7)",POINT (-76.250198 40.0419921)
PA,Pennsylvania,Berks,42011,"421,017",14.0,"(11.9, 16.2)",14.6,"(12.4, 17.0)",27.5,"(26.1, 28.8)",23.7,"(22.6, 24.9)",18.0,"(17.4, 18.6)",19.7,"(19.0, 20.4)",31.0,"(29.9, 32.1)",28.7,"(27.7, 29.8)",75.9,"(74.8, 76.9)",56.8,"(55.7, 57.8)",7.1,"( 6.8,  7.5)",5.9,"( 5.6,  6.2)",9.9,"( 9.4, 10.5)",10.0,"( 9.5, 10.5)",82.8,"(80.6, 85.1)",83.4,"(81.3, 85.6)",7.2,"( 6.5,  7.9)",5.9,"( 5.4,  6.5)",77.6,"(76.7, 78.4)",75.7,"(74.8, 76.7)",84.9,"(83.6, 86.1)",84.1,"(82.7, 85.4)",73.8,"(71.0, 76.3)",72.0,"(69.2, 74.8)",7.5,"( 6.4,  8.7)",6.5,"( 5.6,  7.5)",36.2,"(28.6, 44.1)",36.6,"(28.9, 44.5)",33.8,"(27.4, 40.8)",34.2,"(27.9, 41.3)",17.4,"(14.9, 20.0)",18.2,"(15.6, 21.0)",66.4,"(63.0, 69.5)",65.8,"(62.5, 68.9)",20.8,"(19.7, 22.0)",21.2,"(20.1, 22.5)",11.5,"(10.7, 12.3)",9.9,"( 9.2, 10.5)",15.4,"(13.5, 17.5)",14.3,"(12.6, 16.3)",31.8,"(31.0, 32.7)",27.9,"(27.2, 28.7)",3.1,"( 2.8,  3.3)",2.6,"( 2.5,  2.8)",26.0,"(23.4, 28.5)",25.1,"(22.6, 27.5)",73.4,"(69.1, 77.2)",73.3,"(68.9, 77.2)",15.0,"(13.9, 16.0)",15.7,"(14.7, 16.8)",36.9,"(35.4, 38.4)",37.3,"(35.7, 38.8)",11.0,"( 9.9, 12.2)",10.2,"( 9.2, 11.2)",34.1,"(32.6, 35.5)",35.0,"(33.5, 36.5)",3.2,"( 2.8,  3.6)",2.7,"( 2.4,  3.0)",11.9,"( 7.9, 16.6)",12.6,"( 8.3, 17.7)",POINT (-75.9268598 40.4139565)
PA,Pennsylvania,Westmoreland,42129,"347,087",8.9,"( 7.2, 10.9)",9.5,"( 7.7, 11.8)",33.4,"(31.9, 35.0)",26.0,"(24.7, 27.3)",17.8,"(17.0, 18.5)",21.3,"(20.4, 22.2)",35.7,"(34.1, 37.3)",28.8,"(27.4, 30.1)",79.5,"(78.3, 80.7)",56.4,"(55.1, 57.6)",8.5,"( 8.1,  9.0)",6.1,"( 5.8,  6.4)",9.9,"( 9.4, 10.4)",10.1,"( 9.5, 10.6)",83.6,"(80.8, 86.3)",84.1,"(81.5, 86.8)",8.1,"( 7.2,  8.9)",5.7,"( 5.1,  6.2)",80.1,"(79.1, 80.9)",76.6,"(75.4, 77.7)",88.0,"(86.9, 89.1)",84.8,"(83.2, 86.3)",78.0,"(75.1, 80.6)",75.6,"(72.3, 78.6)",7.9,"( 6.7,  9.2)",6.1,"( 5.3,  7.1)",40.7,"(32.5, 49.1)",41.1,"(32.9, 49.4)",37.1,"(29.8, 44.1)",37.4,"(30.1, 44.5)",16.5,"(13.5, 19.4)",17.8,"(14.5, 21.2)",65.3,"(61.7, 68.9)",64.4,"(60.4, 68.4)",21.3,"(20.1, 22.5)",22.6,"(21.3, 23.9)",11.5,"(10.4, 12.4)",8.6,"( 7.9,  9.3)",13.7,"(11.8, 15.7)",11.8,"(10.1, 13.4)",36.8,"(35.7, 38.0)",29.1,"(28.2, 30.0)",3.2,"( 3.0,  3.5)",2.4,"( 2.3,  2.6)",23.1,"(20.2, 25.9)",21.2,"(18.6, 23.9)",72.5,"(67.9, 76.9)",72.6,"(67.7, 77.1)",14.0,"(12.8, 15.0)",15.6,"(14.3, 16.8)",34.8,"(33.1, 36.6)",34.8,"(32.9, 36.6)",10.6,"( 9.5, 11.8)",9.2,"( 8.2, 10.2)",32.4,"(30.6, 34.0)",33.8,"(31.8, 35.6)",3.4,"( 2.9,  3.9)",2.5,"( 2.2,  2.8)",10.0,"( 6.3, 14.0)",10.6,"( 6.7, 14.9)",POINT (-79.4666879 40.3110682)
PA,Pennsylvania,Beaver,42007,"162,575",9.6,"( 7.9, 11.7)",10.2,"( 8.3, 12.4)",30.9,"(29.4, 32.4)",24.5,"(23.2, 25.7)",17.6,"(16.9, 18.3)",20.6,"(19.7, 21.5)",36.2,"(34.8, 37.6)",30.0,"(28.9, 31.2)",79.2,"(78.1, 80.2)",57.3,"(56.2, 58.5)",8.3,"( 7.8,  8.7)",6.1,"( 5.8,  6.4)",10.0,"( 9.6, 10.6)",10.2,"( 9.8, 10.8)",82.7,"(79.9, 85.4)",83.2,"(80.4, 85.7)",8.0,"( 7.3,  8.8)",5.8,"( 5.3,  6.3)",80.1,"(79.2, 81.0)",77.1,"(76.0, 78.2)",87.7,"(86.5, 88.8)",84.9,"(83.3, 86.4)",77.8,"(75.1, 80.3)",75.3,"(72.3, 78.1)",8.2,"( 6.9,  9.5)",6.5,"( 5.7,  7.5)",40.8,"(33.0, 48.8)",41.3,"(33.5, 48.8)",36.8,"(29.5, 43.9)",37.4,"(30.2, 44.6)",17.8,"(15.0, 20.6)",18.9,"(15.8, 22.0)",66.4,"(62.7, 69.7)",65.6,"(61.8, 68.9)",21,"(19.9, 22.2)",22,"(20.9, 23.4)",11.5,"(10.6, 12.5)",8.9,"( 8.2,  9.6)",14.8,"(12.8, 17.0)",12.9,"(11.3, 14.7)",37.0,"(35.9, 38.2)",29.9,"(29.0, 30.8)",3.3,"( 3.1,  3.6)",2.6,"( 2.4,  2.8)",23.7,"(21.0, 26.5)",21.9,"(19.5, 24.7)",73.4,"(68.5, 77.6)",73.3,"(68.0, 77.7)",14.5,"(13.5, 15.6)",15.9,"(14.7, 17.2)",34.4,"(32.6, 36.3)",34.5,"(32.5, 36.2)",11.1,"( 9.9, 12.3)",9.8,"( 8.8, 10.8)",33.5,"(31.8, 35.2)",34.8,"(33.0, 36.6)",3.5,"( 3.1,  3.9)",2.6,"( 2.4,  2.9)",11.0,"( 7.2, 15.3)",11.8,"( 7.7, 16.5)",POINT (-80.3507209 40.6841401)
PA,Pennsylvania,Lebanon,42075,"141,663",13.2,"(11.2, 15.4)",13.8,"(11.7, 16.1)",29.7,"(28.2, 31.0)",24.7,"(23.4, 25.8)",16.9,"(16.2, 17.6)",19.1,"(18.3, 20.0)",33.3,"(31.9, 34.5)",29.4,"(28.2, 30.5)",77.4,"(76.3, 78.4)",56.8,"(55.7, 57.9)",7.6,"( 7.2,  8.1)",5.9,"( 5.7,  6.3)",10.0,"( 9.5, 10.6)",10.2,"( 9.6, 10.8)",81.0,"(78.4, 83.7)",81.6,"(79.2, 84.0)",8.0,"( 7.2,  8.8)",6.1,"( 5.6,  6.7)",78.3,"(77.3, 79.2)",75.8,"(74.7, 76.9)",85.5,"(84.3, 86.6)",83.9,"(82.5, 85.2)",76.3,"(73.7, 79.1)",74.0,"(70.9, 77.1)",8.2,"( 7.0,  9.6)",6.8,"( 5.9,  7.8)",35.9,"(27.9, 44.1)",36.2,"(28.3, 44.6)",34.2,"(26.9, 42.0)",34.7,"(27.4, 42.3)",18.0,"(15.3, 20.7)",19.1,"(16.1, 21.8)",63.9,"(60.6, 67.4)",63.2,"(59.7, 66.8)",21.6,"(20.3, 22.9)",22.4,"(21.1, 23.8)",11.8,"(10.9, 12.7)",9.7,"( 9.0, 10.4)",15.6,"(13.5, 17.8)",14.2,"(12.3, 16.0)",32.6,"(31.5, 33.7)",27.5,"(26.7, 28.4)",3.2,"( 3.0,  3.5)",2.6,"( 2.4,  2.8)",26.6,"(23.8, 29.5)",25.3,"(22.7, 28.1)",72.3,"(67.8, 76.6)",72.3,"(67.7, 76.8)",15.1,"(14.0, 16.2)",16.2,"(15.0, 17.4)",36.0,"(34.2, 37.6)",36.3,"(34.5, 38.1)",11.2,"(10.0, 12.4)",10.2,"( 9.2, 11.2)",33.8,"(32.1, 35.3)",34.9,"(33.2, 36.5)",3.4,"( 3.0,  3.9)",2.7,"( 2.4,  3.1)",12.9,"( 8.5, 17.6)",13.8,"( 9.0, 18.8)",POINT (-76.4648185 40.3714482)
PA,Pennsylvania,Erie,42049,"268,426",11.2,"( 9.3, 13.2)",11.6,"( 9.5, 13.8)",30.5,"(29.0, 32.0)",26.3,"(25.0, 27.7)",17.8,"(17.1, 18.5)",19.6,"(18.8, 20.4)",33.5,"(32.0, 34.9)",30.0,"(28.6, 31.3)",77.3,"(76.2, 78.4)",57.7,"(56.4, 58.8)",7.4,"( 7.0,  7.8)",6.0,"( 5.7,  6.3)",10.1,"( 9.6, 10.7)",10.2,"( 9.7, 10.8)",82.2,"(79.6, 84.8)",82.9,"(80.4, 85.3)",7.8,"( 7.0,  8.6)",6.2,"( 5.7,  6.9)",77.3,"(76.3, 78.3)",75.3,"(74.2, 76.4)",85.0,"(83.6, 86.4)",83.6,"(82.0, 85.1)",76.0,"(72.9, 78.8)",73.8,"(70.3, 76.9)",8.3,"( 7.0,  9.6)",7.1,"( 6.1,  8.2)",39.5,"(31.2, 47.5)",40.1,"(32.3, 47.8)",39.1,"(32.0, 47.2)",39.5,"(32.7, 47.6)",18.6,"(15.5, 21.5)",19.6,"(16.2, 22.9)",67.4,"(63.6, 70.9)",66.8,"(63.0, 70.6)",21.8,"(20.6, 23.0)",22.4,"(21.1, 23.7)",11.6,"(10.7, 12.5)",9.8,"( 9.1, 10.5)",15.3,"(13.3, 17.4)",14.1,"(12.2, 16.1)",34.9,"(33.8, 36.1)",29.8,"(28.9, 30.7)",3.2,"( 3.0,  3.5)",2.7,"( 2.6,  2.9)",24.1,"(21.5, 26.8)",23.1,"(20.5, 25.8)",74.3,"(69.9, 78.3)",74.1,"(69.4, 78.2)",15.4,"(14.2, 16.5)",16.3,"(15.0, 17.5)",37.7,"(35.9, 39.3)",38.1,"(36.3, 39.7)",11.5,"(10.2, 12.8)",10.7,"( 9.5, 11.8)",33.0,"(31.3, 34.5)",34.0,"(32.4, 35.6)",3.5,"( 3.0,  3.9)",2.9,"( 2.6,  3.2)",13.3,"( 8.5, 18.7)",14.3,"( 9.1, 20.2)",POINT (-80.0963858 42.1179519)
PA,Pennsylvania,Greene,42059,"35,621",11.6,"( 9.4, 13.8)",12.1,"( 9.8, 14.5)",30.9,"(29.4, 32.3)",26.1,"(24.9, 27.3)",18.3,"(17.5, 19.0)",20.4,"(19.6, 21.4)",36.0,"(34.5, 37.3)",31.8,"(30.6, 33.1)",77.4,"(76.3, 78.6)",57.8,"(56.5, 59.1)",7.6,"( 7.1,  8.0)",6.1,"( 5.8,  6.4)",10.3,"( 9.8, 10.9)",10.4,"( 9.8, 11.0)",81.4,"(78.7, 84.3)",82.1,"(79.5, 85.0)",8.2,"( 7.4,  9.1)",6.5,"( 5.9,  7.2)",78.6,"(77.6, 79.6)",76.4,"(75.2, 77.6)",85.0,"(83.5, 86.4)",83.1,"(81.4, 84.7)",75.6,"(72.6, 78.6)",73.4,"(69.9, 76.8)",9.0,"( 7.6, 10.4)",7.6,"( 6.5,  8.7)",39.8,"(31.4, 48.9)",40.3,"(32.2, 49.3)",35.3,"(27.4, 43.3)",35.2,"(27.5, 43.1)",20.4,"(17.5, 23.5)",21.5,"(18.2, 24.6)",63.5,"(60.0, 67.0)",62.8,"(59.1, 66.5)",22.6,"(21.3, 23.9)",23.2,"(21.9, 24.7)",11.7,"(10.8, 12.7)",9.7,"( 9.0, 10.4)",16.3,"(14.1, 18.6)",14.8,"(13.0, 16.9)",33.9,"(32.8, 35.1)",28.3,"(27.4, 29.3)",3.3,"( 3.0,  3.6)",2.7,"( 2.5,  2.9)",25.7,"(22.9, 28.5)",24.5,"(21.7, 27.2)",71.3,"(66.5, 76.0)",71.2,"(66.2, 76.4)",15.8,"(14.6, 16.9)",16.8,"(15.6, 18.1)",36.3,"(34.4, 38.0)",36.4,"(34.4, 38.2)",11.9,"(10.7, 13.2)",10.9,"( 9.8, 12.0)",36.1,"(34.3, 37.7)",37.2,"(35.2, 38.9)",3.6,"( 3.1,  4.1)",2.9,"( 2.6,  3.3)",13.2,"( 8.7, 18.1)",13.9,"( 9.0, 19.0)",POINT (-80.2256552 39.8477067)
PA,Pennsylvania,Sullivan,42113,"5,913",10.9,"( 8.8, 13.1)",12.1,"( 9.9, 14.4)",35.5,"(33.7, 37.2)",25.5,"(24.1, 26.7)",16.1,"(15.4, 16.8)",20.9,"(19.9, 21.8)",39.5,"(37.9, 41.2)",30.4,"(29.0, 31.8)",81.3,"(80.4, 82.2)",57.2,"(56.1, 58.3)",9.4,"( 8.8,  9.9)",6.1,"( 5.8,  6.4)",10.0,"( 9.4, 10.5)",10.2,"( 9.7, 10.8)",81.6,"(78.7, 84.4)",82.3,"(79.6, 84.9)",10.0,"( 9.0, 11.0)",6.3,"( 5.7,  6.9)",80.3,"(79.3, 81.3)",75.5,"(74.2, 76.8)",87.5,"(86.4, 88.6)",83.1,"(81.5, 84.6)",76.0,"(72.8, 78.9)",72.3,"(68.8, 75.8)",10.3,"( 8.7, 11.9)",7.4,"( 6.4,  8.4)",38.0,"(30.0, 46.2)",38.2,"(30.3, 46.3)",35.9,"(28.5, 43.5)",36.0,"(28.8, 43.5)",19.3,"(16.2, 22.2)",21.4,"(17.9, 24.7)",63.6,"(59.6, 67.6)",62.2,"(58.1, 66.2)",21.2,"(20.0, 22.5)",22.8,"(21.5, 24.2)",13.4,"(12.3, 14.5)",9.2,"( 8.5,  9.9)",17.3,"(14.8, 20.0)",14.2,"(12.3, 16.2)",38.2,"(36.9, 39.7)",28.7,"(27.7, 29.8)",3.8,"( 3.5,  4.2)",2.6,"( 2.5,  2.9)",27.1,"(23.9, 30.2)",24.4,"(21.6, 26.9)",71.7,"(66.6, 76.5)",71.8,"(66.9, 76.7)",14.3,"(13.2, 15.3)",16.5,"(15.2, 17.7)",34.5,"(32.6, 36.5)",34.7,"(32.7, 36.5)",12.7,"(11.3, 14.1)",10.6,"( 9.5, 11.7)",34.2,"(32.5, 35.9)",36.4,"(34.4, 38.1)",4.2,"( 3.6,  4.8)",2.8,"( 2.5,  3.2)",12.9,"( 8.5, 17.7)",13.7,"( 9.2, 19.1)",POINT (-76.5117166 41.4392848)
PA,Pennsylvania,Chester,42029,"526,759",8.6,"( 6.9, 10.5)",9.0,"( 7.2, 11.2)",24.5,"(23.0, 26.0)",20.9,"(19.7, 22.2)",18.1,"(17.4, 18.7)",19.8,"(19.1, 20.5)",28.7,"(27.4, 30.0)",25.8,"(24.7, 27.0)",76.4,"(75.2, 77.5)",56.2,"(55.1, 57.2)",7.1,"( 6.7,  7.4)",5.9,"( 5.6,  6.2)",9.3,"( 8.8,  9.8)",9.3,"( 8.9,  9.8)",85.1,"(82.7, 87.2)",85.4,"(83.1, 87.5)",5.9,"( 5.3,  6.7)",4.9,"( 4.4,  5.4)",77.3,"(76.5, 78.1)",75.4,"(74.5, 76.2)",88.1,"(86.8, 89.2)",86.9,"(85.5, 88.1)",78.9,"(76.2, 81.3)",77.6,"(74.6, 80.1)",5.5,"( 4.4,  6.7)",4.7,"( 3.9,  5.6)",44.4,"(36.8, 52.1)",44.8,"(37.2, 52.2)",36.0,"(29.3, 42.8)",36.1,"(29.5, 42.8)",12.5,"( 9.9, 15.5)",12.9,"(10.1, 16.1)",73.3,"(69.9, 76.2)",72.7,"(69.3, 75.8)",18.3,"(17.3, 19.5)",18.7,"(17.7, 19.9)",9.3,"( 8.5, 10.1)",7.9,"( 7.3,  8.5)",10.4,"( 8.8, 12.4)",9.5,"( 8.1, 11.2)",32.0,"(31.1, 33.0)",27.8,"(27.0, 28.6)",2.6,"( 2.4,  2.8)",2.2,"( 2.1,  2.4)",18.7,"(16.3, 21.3)",18.0,"(15.7, 20.4)",74.3,"(69.6, 78.1)",74.0,"(69.1, 77.9)",12.9,"(11.9, 14.0)",13.6,"(12.5, 14.8)",30.1,"(28.6, 31.7)",29.9,"(28.4, 31.5)",8.3,"( 7.3,  9.6)",7.6,"( 6.7,  8.6)",30.2,"(28.6, 31.8)",30.9,"(29.3, 32.5)",2.5,"( 2.2,  2.9)",2.1,"( 1.9,  2.4)",7.4,"( 4.4, 11.4)",7.9,"( 4.6, 12.3)",POINT (-75.7497512 39.9740287)
PA,Pennsylvania,Montour,42093,"18,042",10.4,"( 8.2, 12.8)",10.9,"( 8.5, 13.4)",30.6,"(28.8, 32.2)",24.3,"(23.0, 25.7)",16.9,"(16.2, 17.6)",19.7,"(18.9, 20.6)",35.0,"(33.5, 36.6)",29.3,"(27.9, 30.7)",78.8,"(77.6, 80.0)",57.2,"(55.8, 58.5)",8.3,"( 7.7,  8.8)",6.1,"( 5.7,  6.4)",9.8,"( 9.2, 10.4)",10.0,"( 9.5, 10.6)",82.4,"(79.7, 85.2)",82.8,"(80.0, 85.3)",7.9,"( 7.0,  8.8)",5.7,"( 5.1,  6.3)",78.8,"(77.9, 79.8)",75.9,"(74.7, 77.1)",86.7,"(85.3, 88.2)",84.1,"(82.3, 85.8)",76.4,"(73.1, 79.3)",74.1,"(70.4, 77.5)",8.1,"( 6.6,  9.6)",6.5,"( 5.4,  7.5)",42.1,"(33.4, 50.6)",42.5,"(33.9, 50.9)",34.8,"(27.0, 43.0)",36.4,"(28.5, 45.2)",17.5,"(14.1, 20.9)",18.6,"(15.0, 22.2)",65.9,"(61.9, 69.9)",65.3,"(61.0, 69.6)",21.1,"(19.9, 22.5)",22.2,"(20.8, 23.7)",11.2,"(10.1, 12.3)",8.8,"( 8.0,  9.6)",14.5,"(12.1, 17.0)",12.7,"(10.8, 14.9)",35.0,"(33.7, 36.1)",28.5,"(27.5, 29.5)",3.2,"( 3.0,  3.5)",2.5,"( 2.3,  2.7)",24.3,"(20.9, 27.5)",22.5,"(19.3, 25.5)",73.4,"(68.4, 78.4)",73.3,"(68.1, 78.4)",14.2,"(13.1, 15.4)",15.6,"(14.3, 17.0)",32.0,"(30.0, 34.0)",32.2,"(30.1, 34.1)",10.8,"( 9.4, 12.3)",9.6,"( 8.4, 10.8)",34.1,"(32.1, 35.9)",35.3,"(33.3, 37.3)",3.4,"( 2.9,  4.0)",2.6,"( 2.2,  2.9)",10.6,"( 6.2, 15.8)",11.6,"( 6.9, 17.0)",POINT (-76.6652253 41.0292837)
PA,Pennsylvania,Butler,42019,"189,135",8.5,"( 6.7, 10.6)",9.0,"( 7.0, 11.2)",30.5,"(28.8, 32.2)",25.2,"(23.8, 26.6)",18.6,"(17.8, 19.4)",21.2,"(20.3, 22.1)",30.9,"(29.3, 32.3)",26.2,"(24.9, 27.4)",77.1,"(75.7, 78.4)",54.9,"(53.5, 56.2)",7.8,"( 7.4,  8.3)",6.2,"( 5.8,  6.5)",9.8,"( 9.3, 10.4)",9.9,"( 9.4, 10.5)",84.1,"(81.4, 86.6)",84.4,"(81.9, 86.9)",7.1,"( 6.3,  7.9)",5.5,"( 4.8,  6.1)",79.9,"(78.9, 80.8)",77.4,"(76.3, 78.5)",87.4,"(86.1, 88.6)",85.1,"(83.5, 86.7)",76.7,"(73.6, 79.7)",74.9,"(71.4, 78.1)",7.0,"( 5.8,  8.3)",5.7,"( 4.9,  6.7)",45.6,"(36.7, 53.9)",46.1,"(37.5, 54.3)",41.8,"(33.8, 49.6)",42.2,"(34.3, 49.9)",15.2,"(12.2, 18.3)",16.1,"(12.7, 19.4)",72.6,"(69.0, 76.0)",71.9,"(68.0, 75.6)",20.4,"(19.1, 21.7)",21.2,"(19.8, 22.6)",10.3,"( 9.3, 11.3)",8.2,"( 7.5,  9.0)",12.3,"(10.4, 14.6)",11,"( 9.3, 12.8)",33.0,"(31.9, 34.3)",27.2,"(26.3, 28.2)",2.9,"( 2.6,  3.1)",2.3,"( 2.2,  2.5)",21.1,"(18.3, 24.0)",19.9,"(17.2, 22.5)",75.3,"(70.7, 79.4)",75.0,"(70.2, 79.3)",14.0,"(12.8, 15.2)",15.2,"(13.8, 16.5)",32.9,"(30.9, 34.8)",32.8,"(30.8, 34.7)",9.9,"( 8.7, 11.2)",8.8,"( 7.8,  9.9)",33.6,"(31.6, 35.5)",34.6,"(32.5, 36.6)",2.9,"( 2.5,  3.4)",2.3,"( 2.0,  2.6)",9.1,"( 5.6, 13.3)",9.7,"( 6.1, 14.2)",POINT (-79.9189776 40.9138467)
PA,Pennsylvania,Lawrence,42073,"85,083",10.7,"( 8.9, 12.8)",11.4,"( 9.2, 13.7)",32.2,"(30.6, 33.7)",25.4,"(24.1, 26.7)",17.2,"(16.5, 17.9)",20.4,"(19.6, 21.2)",36.7,"(35.1, 38.1)",30.2,"(28.8, 31.4)",80.0,"(78.9, 81.0)",57.9,"(56.6, 59.2)",8.3,"( 7.9,  8.8)",6.1,"( 5.8,  6.4)",10.2,"( 9.7, 10.8)",10.5,"( 9.9, 11.1)",81.4,"(78.7, 84.5)",82.1,"(79.4, 84.8)",8.8,"( 7.9,  9.7)",6.3,"( 5.7,  6.9)",79.7,"(78.7, 80.5)",76.5,"(75.3, 77.6)",86.4,"(85.0, 87.7)",83.3,"(81.6, 85.1)",75.0,"(72.2, 77.8)",72.4,"(69.3, 75.7)",9.3,"( 7.9, 10.8)",7.4,"( 6.4,  8.5)",40.4,"(32.4, 48.7)",40.9,"(32.6, 49.0)",36.8,"(29.1, 44.4)",37.6,"(29.7, 45.3)",19.2,"(16.1, 22.1)",20.8,"(17.5, 24.3)",63.5,"(60.1, 67.0)",62.5,"(58.9, 66.2)",22.3,"(21.1, 23.6)",23.6,"(22.3, 24.9)",12.5,"(11.6, 13.6)",9.7,"( 8.9, 10.4)",16.4,"(14.2, 18.4)",14.3,"(12.5, 16.1)",34.1,"(32.9, 35.2)",27.0,"(26.1, 27.9)",3.5,"( 3.2,  3.8)",2.7,"( 2.5,  2.9)",26.1,"(23.0, 28.9)",24.1,"(21.3, 26.8)",73.0,"(68.4, 77.5)",73.0,"(68.1, 77.7)",15.2,"(14.1, 16.2)",16.8,"(15.5, 18.0)",37.0,"(35.1, 38.8)",37.2,"(35.3, 39.1)",12.1,"(10.9, 13.4)",10.6,"( 9.6, 11.7)",35.6,"(33.7, 37.2)",37.1,"(35.2, 38.9)",3.8,"( 3.4,  4.3)",2.9,"( 2.5,  3.2)",12.4,"( 8.0, 17.2)",13.4,"( 8.8, 18.2)",POINT (-80.3344455 40.9927352)
PA,Pennsylvania,McKean,42083,"40,333",11.6,"( 9.5, 13.6)",12.2,"(10.1, 14.4)",31.9,"(30.3, 33.3)",26.6,"(25.3, 27.9)",17.8,"(17.0, 18.7)",20.2,"(19.3, 21.1)",35.6,"(34.0, 37.0)",30.8,"(29.5, 32.0)",78.8,"(77.7, 80.0)",58.5,"(57.4, 59.8)",7.8,"( 7.3,  8.2)",6.1,"( 5.8,  6.5)",10.4,"( 9.8, 11.0)",10.5,"( 9.9, 11.1)",80.8,"(77.8, 83.7)",81.7,"(78.9, 84.4)",8.7,"( 7.8,  9.5)",6.7,"( 6.1,  7.3)",78.3,"(77.2, 79.4)",75.9,"(74.6, 77.0)",85.2,"(83.9, 86.6)",83.0,"(81.4, 84.6)",74.4,"(71.6, 77.4)",72.2,"(69.0, 75.5)",9.5,"( 8.1, 11.1)",7.9,"( 6.9,  9.1)",36.2,"(28.2, 45.7)",36.7,"(28.8, 45.7)",33.4,"(26.5, 41.4)",33.9,"(26.8, 41.8)",20.6,"(17.5, 23.6)",21.8,"(18.5, 25.2)",59.5,"(55.4, 63.4)",58.6,"(54.5, 62.7)",22.9,"(21.6, 24.2)",23.7,"(22.3, 25.2)",12.3,"(11.3, 13.3)",10.0,"( 9.3, 10.8)",17.1,"(14.8, 19.6)",15.5,"(13.6, 17.6)",34.4,"(33.2, 35.6)",28.3,"(27.4, 29.3)",3.4,"( 3.2,  3.7)",2.8,"( 2.6,  3.0)",26.1,"(23.3, 28.9)",24.7,"(22.2, 27.4)",71.8,"(67.1, 76.5)",71.6,"(66.6, 76.5)",15.9,"(14.7, 17.0)",17.0,"(15.7, 18.3)",36.4,"(34.5, 38.4)",36.7,"(34.8, 38.6)",12.4,"(11.1, 13.7)",11.3,"(10.2, 12.4)",35.8,"(33.9, 37.6)",37.0,"(35.1, 38.9)",3.8,"( 3.3,  4.3)",3.0,"( 2.7,  3.4)",13.9,"( 9.2, 18.7)",14.9,"(10.0, 20.2)",POINT (-78.5724631 41.8145902)
PA,Pennsylvania,Pike,42103,"56,072",11.0,"( 9.2, 12.9)",12.0,"(10.1, 14.1)",31.6,"(30.1, 33.2)",24.0,"(22.9, 25.1)",16.7,"(16.1, 17.4)",20.3,"(19.5, 21.1)",34.7,"(33.3, 36.0)",28.0,"(26.9, 29.0)",80.0,"(79.0, 81.0)",57.1,"(56.1, 58.2)",8.4,"( 7.9,  8.8)",5.9,"( 5.6,  6.2)",9.7,"( 9.3, 10.2)",9.9,"( 9.4, 10.4)",83.2,"(80.7, 85.6)",83.7,"(81.5, 85.8)",8.4,"( 7.5,  9.2)",5.8,"( 5.3,  6.3)",79.9,"(79.1, 80.8)",76.2,"(75.0, 77.2)",88.2,"(87.3, 89.0)",85.1,"(83.8, 86.2)",75.8,"(73.1, 78.2)",73.4,"(70.3, 76.0)",8.0,"( 6.8,  9.3)",6.1,"( 5.3,  7.0)",37.3,"(30.2, 45.1)",37.5,"(30.3, 45.3)",37.2,"(30.6, 44.5)",36.8,"(30.1, 44.2)",16.8,"(14.5, 19.4)",18.0,"(15.5, 20.9)",67.3,"(63.9, 70.4)",66.2,"(62.7, 69.4)",20.1,"(19.1, 21.3)",21.3,"(20.2, 22.5)",12.4,"(11.5, 13.4)",9.2,"( 8.6,  9.8)",15.1,"(13.2, 17.2)",12.9,"(11.4, 14.6)",35.8,"(34.8, 36.9)",28.2,"(27.4, 29.0)",3.4,"( 3.1,  3.7)",2.5,"( 2.4,  2.7)",26.1,"(23.4, 28.7)",24.2,"(21.9, 26.7)",72.3,"(67.7, 76.3)",72.3,"(67.6, 76.6)",13.9,"(13.0, 14.9)",15.6,"(14.5, 16.7)",34.9,"(33.2, 36.6)",34.8,"(33.1, 36.4)",11.0,"( 9.9, 12.2)",9.4,"( 8.6, 10.3)",33.9,"(32.2, 35.5)",35.3,"(33.8, 36.9)",3.5,"( 3.1,  4.0)",2.6,"( 2.3,  2.9)",10.7,"( 6.8, 15.3)",11.2,"( 7.1, 16.1)",POINT (-75.0315143 41.3259485)
PA,Pennsylvania,Washington,42125,"206,803",9.4,"( 7.4, 11.5)",9.9,"( 7.8, 12.3)",29.6,"(28.0, 31.1)",23.9,"(22.5, 25.2)",18.4,"(17.6, 19.2)",21.3,"(20.3, 22.3)",35.5,"(33.9, 37.0)",29.8,"(28.4, 31.2)",78.0,"(76.8, 79.1)",56.1,"(54.9, 57.3)",8.0,"( 7.6,  8.5)",6.1,"( 5.8,  6.4)",9.8,"( 9.3, 10.4)",10.0,"( 9.4, 10.5)",83.5,"(80.8, 86.2)",84.0,"(81.4, 86.7)",7.6,"( 6.8,  8.3)",5.7,"( 5.1,  6.2)",80.6,"(79.6, 81.5)",77.9,"(76.8, 79.0)",87.2,"(85.9, 88.5)",84.7,"(83.0, 86.3)",75.6,"(72.5, 78.5)",73.2,"(69.7, 76.5)",7.8,"( 6.5,  9.1)",6.3,"( 5.3,  7.3)",32.4,"(25.0, 39.9)",32.7,"(25.3, 40.1)",36.6,"(29.1, 44.1)",36.9,"(29.6, 44.4)",17.3,"(14.2, 20.1)",18.3,"(14.9, 21.5)",66.3,"(62.4, 70.1)",65.6,"(61.4, 69.3)",20.3,"(19.1, 21.5)",21.3,"(20.0, 22.7)",10.8,"( 9.9, 11.7)",8.5,"( 7.8,  9.2)",13.4,"(11.3, 15.6)",11.8,"(10.1, 13.6)",33.9,"(32.7, 35.0)",27.4,"(26.6, 28.4)",3.1,"( 2.8,  3.3)",2.4,"( 2.3,  2.6)",21.2,"(18.5, 23.9)",19.8,"(17.2, 22.4)",72.7,"(68.1, 77.5)",72.7,"(67.8, 77.6)",14.4,"(13.2, 15.4)",15.6,"(14.3, 16.9)",32.5,"(30.8, 34.2)",32.5,"(30.7, 34.3)",10.4,"( 9.1, 11.6)",9.2,"( 8.1, 10.2)",32.5,"(30.7, 34.1)",33.7,"(31.7, 35.4)",3.2,"( 2.8,  3.7)",2.5,"( 2.2,  2.8)",10.5,"( 6.5, 15.1)",11.2,"( 7.0, 16.2)",POINT (-80.2521319 40.2000054)
PA,Pennsylvania,Crawford,42039,"83,697",11.0,"( 8.9, 13.4)",11.6,"( 9.2, 14.1)",31.1,"(29.5, 32.6)",25.2,"(23.9, 26.5)",17.6,"(16.8, 18.4)",20.4,"(19.5, 21.3)",36.1,"(34.6, 37.5)",30.4,"(29.1, 31.7)",79.1,"(77.9, 80.2)",57.4,"(56.1, 58.8)",8.1,"( 7.6,  8.6)",6.1,"( 5.8,  6.4)",10.2,"( 9.7, 10.8)",10.4,"( 9.8, 11.1)",81.6,"(78.8, 84.3)",82.3,"(79.6, 85.0)",8.6,"( 7.7,  9.6)",6.4,"( 5.7,  7.0)",79.2,"(78.2, 80.2)",76.3,"(75.1, 77.6)",85.8,"(84.4, 87.1)",83.1,"(81.4, 84.8)",73.9,"(71.0, 76.9)",71.2,"(68.0, 74.8)",9.5,"( 8.1, 11.1)",7.7,"( 6.6,  8.9)",38.3,"(30.2, 46.7)",38.7,"(30.4, 47.1)",36.2,"(29.1, 43.9)",36.0,"(28.8, 43.6)",20.2,"(16.9, 23.3)",21.7,"(18.0, 25.1)",61.3,"(57.4, 65.7)",60.5,"(56.3, 64.8)",22.2,"(20.9, 23.6)",23.3,"(21.9, 24.7)",12.1,"(11.0, 13.1)",9.4,"( 8.7, 10.2)",16.7,"(14.3, 19.2)",14.8,"(12.8, 17.0)",34.5,"(33.3, 35.7)",27.8,"(26.8, 28.8)",3.5,"( 3.2,  3.8)",2.7,"( 2.5,  3.0)",26.5,"(23.3, 29.4)",24.9,"(21.9, 27.8)",74.1,"(69.4, 78.6)",74.1,"(69.0, 78.6)",15.7,"(14.4, 16.9)",17.1,"(15.7, 18.4)",32.0,"(30.2, 33.6)",32.1,"(30.2, 33.9)",12.3,"(11.0, 13.8)",11.0,"( 9.9, 12.2)",34.9,"(33.1, 36.5)",36.3,"(34.4, 38.0)",3.8,"( 3.3,  4.4)",2.9,"( 2.6,  3.3)",13.6,"( 9.0, 18.2)",14.3,"( 9.6, 19.3)",POINT (-80.107795 41.687876)
PA,Pennsylvania,Bedford,42009,"47,817",11.3,"( 9.2, 13.6)",12.1,"( 9.7, 14.7)",34.1,"(32.5, 35.7)",26.3,"(25.0, 27.7)",16.4,"(15.7, 17.2)",20.0,"(19.0, 21.0)",37.5,"(36.0, 39.0)",30.1,"(28.8, 31.5)",80.1,"(78.9, 81.2)",57.0,"(55.6, 58.5)",8.6,"( 8.1,  9.1)",6.1,"( 5.7,  6.4)",10.2,"( 9.7, 10.8)",10.5,"( 9.9, 11.2)",81.0,"(78.2, 83.9)",81.7,"(78.9, 84.3)",9.4,"( 8.4, 10.3)",6.5,"( 5.9,  7.1)",79.1,"(78.0, 80.2)",75.3,"(73.9, 76.7)",86.5,"(85.2, 87.7)",82.7,"(80.9, 84.5)",74.1,"(70.9, 77.1)",71.6,"(68.0, 75.1)",10.0,"( 8.4, 11.4)",7.7,"( 6.7,  8.8)",35.0,"(27.7, 43.3)",35.2,"(27.9, 43.6)",33.4,"(26.8, 41.0)",34.0,"(27.2, 41.4)",20.1,"(17.2, 23.1)",21.8,"(18.4, 25.1)",62.5,"(58.5, 66.5)",61.5,"(57.4, 65.7)",21.8,"(20.5, 23.2)",23.3,"(21.9, 24.8)",12.7,"(11.6, 13.7)",9.4,"( 8.7, 10.2)",17.3,"(14.9, 19.8)",14.8,"(12.9, 16.9)",36.5,"(35.2, 37.8)",28.5,"(27.5, 29.5)",3.6,"( 3.3,  3.9)",2.7,"( 2.5,  2.9)",28.3,"(25.1, 31.3)",25.9,"(23.0, 28.8)",70.6,"(65.6, 75.1)",70.4,"(65.4, 75.2)",15.3,"(14.2, 16.4)",17.2,"(15.9, 18.5)",34.0,"(32.1, 35.7)",34.0,"(32.0, 36.0)",12.7,"(11.4, 14.1)",11.0,"( 9.9, 12.1)",33.8,"(32.0, 35.4)",35.3,"(33.4, 37.1)",4.0,"( 3.5,  4.6)",2.9,"( 2.6,  3.3)",13.4,"( 9.5, 18.2)",14.4,"(10.2, 19.6)",POINT (-78.4947466 39.9986336)
PA,Pennsylvania,Jefferson,42065,"43,108",11.3,"( 9.3, 13.6)",12.0,"( 9.7, 14.5)",33.1,"(31.6, 34.7)",26.5,"(25.2, 27.8)",17.2,"(16.5, 18.0)",20.2,"(19.3, 21.3)",37.0,"(35.6, 38.5)",30.6,"(29.3, 31.8)",79.9,"(78.7, 81.0)",57.8,"(56.4, 59.2)",8.2,"( 7.7,  8.7)",6.1,"( 5.8,  6.4)",10.3,"( 9.8, 10.9)",10.5,"(10.0, 11.1)",80.3,"(77.3, 83.3)",80.9,"(78.1, 83.8)",9.1,"( 8.2, 10.0)",6.6,"( 6.0,  7.2)",78.2,"(77.1, 79.2)",75.0,"(73.7, 76.3)",85.7,"(84.2, 87.1)",82.5,"(80.6, 84.2)",74.1,"(70.9, 76.9)",71.6,"(68.2, 74.8)",9.9,"( 8.5, 11.3)",7.9,"( 6.9,  9.0)",34.9,"(26.7, 43.0)",35.3,"(27.3, 42.9)",33.2,"(25.8, 41.1)",33.9,"(26.4, 41.3)",21.5,"(18.4, 24.4)",22.9,"(19.4, 26.2)",58.2,"(54.3, 62.2)",57.4,"(53.4, 61.5)",22.7,"(21.5, 24.1)",23.9,"(22.6, 25.4)",12.7,"(11.7, 13.7)",9.8,"( 9.1, 10.6)",17.5,"(15.2, 20.0)",15.3,"(13.4, 17.5)",36.0,"(34.8, 37.2)",28.6,"(27.7, 29.6)",3.5,"( 3.3,  3.9)",2.8,"( 2.5,  3.0)",28.0,"(24.9, 31.0)",26.0,"(23.1, 28.9)",72.5,"(68.0, 76.9)",72.2,"(67.4, 76.9)",15.6,"(14.6, 16.7)",17.2,"(16.0, 18.4)",39.0,"(36.9, 41.0)",39.0,"(37.0, 41.0)",12.8,"(11.5, 14.2)",11.3,"(10.2, 12.5)",34.9,"(33.1, 36.7)",36.2,"(34.4, 38.1)",3.9,"( 3.4,  4.5)",3.0,"( 2.7,  3.4)",13.9,"( 9.3, 18.8)",14.9,"(10.1, 20.4)",POINT (-79.012419 41.1380282)
PA,Pennsylvania,Adams,42001,"102,742",10.9,"( 9.0, 13.0)",11.6,"( 9.6, 13.8)",29.5,"(27.9, 31.0)",23.8,"(22.6, 25.0)",18.0,"(17.3, 18.8)",20.9,"(19.9, 21.8)",33.7,"(32.2, 35.0)",28.6,"(27.3, 29.9)",78.4,"(77.4, 79.5)",56.6,"(55.4, 57.8)",8.0,"( 7.6,  8.5)",6.1,"( 5.8,  6.4)",9.9,"( 9.4, 10.5)",10.0,"( 9.5, 10.6)",82.4,"(79.7, 85.1)",83.2,"(80.8, 85.7)",7.7,"( 7.0,  8.6)",5.8,"( 5.3,  6.3)",77.7,"(76.6, 78.7)",74.7,"(73.5, 75.8)",86.5,"(85.2, 87.9)",84.3,"(82.7, 86.0)",75.9,"(73.1, 78.7)",73.7,"(70.6, 76.8)",8.0,"( 6.7,  9.2)",6.4,"( 5.5,  7.4)",40.0,"(32.5, 48.2)",40.3,"(32.8, 48.4)",33.8,"(27.3, 41.6)",33.8,"(27.3, 41.4)",17.9,"(14.9, 20.8)",19.2,"(15.8, 22.5)",66.1,"(62.5, 69.7)",65.2,"(61.4, 68.9)",21.8,"(20.5, 23.1)",22.8,"(21.4, 24.1)",10.9,"(10.0, 11.9)",8.6,"( 7.9,  9.3)",14.2,"(12.2, 16.3)",12.6,"(10.9, 14.3)",34.9,"(33.8, 36.0)",28.7,"(27.8, 29.5)",3.1,"( 2.9,  3.4)",2.5,"( 2.3,  2.7)",23.6,"(20.7, 26.4)",22.2,"(19.5, 24.8)",71.8,"(67.3, 76.0)",71.8,"(67.0, 76.3)",14.5,"(13.4, 15.6)",15.8,"(14.5, 17.0)",33.2,"(31.5, 35.0)",33.5,"(31.6, 35.3)",10.7,"( 9.5, 12.0)",9.6,"( 8.5, 10.6)",32.1,"(30.4, 33.7)",33.4,"(31.5, 35.0)",3.3,"( 2.9,  3.7)",2.5,"( 2.3,  2.9)",11.1,"( 7.2, 15.7)",11.7,"( 7.5, 16.6)",POINT (-77.2177296 39.8694707)
PA,Pennsylvania,Somerset,42111,"72,916",11.7,"( 9.5, 13.9)",12.4,"(10.1, 14.8)",32.5,"(30.8, 34.0)",25.5,"(24.3, 26.8)",17.6,"(16.9, 18.3)",20.9,"(20.0, 21.8)",37.4,"(36.0, 38.9)",31.0,"(29.7, 32.3)",79.3,"(78.2, 80.5)",57.7,"(56.4, 59.0)",8.4,"( 7.9,  8.9)",6.1,"( 5.7,  6.4)",10.1,"( 9.6, 10.7)",10.3,"( 9.7, 10.9)",81.5,"(78.4, 84.4)",82.0,"(79.2, 84.9)",9.0,"( 8.1,  9.9)",6.5,"( 5.9,  7.0)",78.9,"(77.8, 79.9)",75.6,"(74.3, 76.8)",86.2,"(84.9, 87.4)",82.8,"(81.1, 84.5)",75.0,"(72.2, 78.0)",72.4,"(69.1, 75.6)",9.5,"( 8.1, 11.0)",7.5,"( 6.5,  8.6)",34.2,"(26.1, 42.4)",34.6,"(26.8, 42.5)",32.3,"(25.4, 40.3)",32.9,"(25.8, 40.7)",20.7,"(17.5, 23.6)",22.1,"(18.7, 25.3)",62.8,"(58.9, 66.4)",61.8,"(57.9, 65.7)",21.3,"(20.1, 22.7)",22.4,"(21.1, 23.8)",12.3,"(11.3, 13.3)",9.5,"( 8.8, 10.2)",16.9,"(14.6, 19.4)",14.7,"(12.9, 16.7)",36.2,"(34.9, 37.4)",28.8,"(27.9, 29.8)",3.5,"( 3.2,  3.8)",2.7,"( 2.5,  2.9)",27.6,"(24.4, 30.5)",25.5,"(22.8, 28.2)",71.7,"(67.0, 76.5)",71.8,"(67.0, 76.5)",15.0,"(13.9, 16.2)",16.5,"(15.4, 17.8)",35.4,"(33.7, 37.1)",35.4,"(33.7, 37.2)",12.3,"(10.9, 13.6)",10.7,"( 9.7, 11.8)",35.5,"(33.8, 37.1)",36.9,"(35.1, 38.6)",3.8,"( 3.4,  4.4)",2.9,"( 2.5,  3.2)",13.0,"( 8.7, 17.8)",13.9,"( 9.4, 19.2)",POINT (-79.0284859 39.9812968)
PA,Pennsylvania,Elk,42047,"29,607",10.3,"( 8.4, 12.5)",11.1,"( 8.7, 13.5)",33.0,"(31.4, 34.7)",25.4,"(24.1, 26.7)",16.9,"(16.1, 17.7)",20.5,"(19.5, 21.5)",37.2,"(35.6, 38.7)",29.8,"(28.4, 31.1)",80.0,"(78.8, 81.2)",56.9,"(55.6, 58.2)",8.5,"( 8.1,  9.0)",6.1,"( 5.8,  6.4)",10.0,"( 9.4, 10.5)",10.2,"( 9.6, 10.8)",81.7,"(78.8, 84.5)",82.4,"(79.7, 85.2)",8.8,"( 8.0,  9.8)",6.2,"( 5.6,  6.8)",77.5,"(76.4, 78.6)",73.5,"(72.2, 74.9)",87.2,"(86.0, 88.5)",83.5,"(81.8, 85.2)",75.7,"(72.8, 78.5)",73.8,"(70.6, 76.8)",9.2,"( 7.9, 10.5)",7.1,"( 6.1,  8.0)",39.4,"(30.7, 48.3)",39.8,"(31.8, 48.2)",35.6,"(27.8, 43.6)",36.3,"(28.6, 44.4)",19.4,"(16.5, 22.4)",21.0,"(17.6, 24.2)",65.1,"(61.5, 68.8)",64.1,"(60.5, 68.1)",21.8,"(20.5, 23.1)",23.2,"(21.8, 24.7)",12.0,"(10.9, 13.0)",8.9,"( 8.2,  9.6)",15.8,"(13.6, 18.2)",13.5,"(11.8, 15.4)",36.9,"(35.6, 38.2)",28.8,"(27.8, 29.8)",3.4,"( 3.2,  3.7)",2.6,"( 2.4,  2.8)",25.1,"(22.2, 28.0)",23.0,"(20.2, 25.8)",70.9,"(65.9, 75.6)",70.9,"(66.0, 75.7)",14.7,"(13.7, 15.8)",16.5,"(15.2, 17.7)",31.6,"(29.8, 33.4)",31.5,"(29.4, 33.3)",11.9,"(10.6, 13.1)",10.2,"( 9.1, 11.3)",33.2,"(31.5, 34.9)",34.6,"(32.5, 36.4)",3.7,"( 3.3,  4.3)",2.7,"( 2.4,  3.1)",11.7,"( 7.6, 16.4)",12.7,"( 8.3, 17.7)",POINT (-78.6539366 41.4273317)
PA,Pennsylvania,Lycoming,42081,"113,209",10.8,"( 8.7, 13.1)",11.2,"( 9.0, 13.7)",29.3,"(27.9, 30.8)",24.6,"(23.3, 25.8)",17.3,"(16.6, 18.1)",19.5,"(18.7, 20.4)",33.9,"(32.4, 35.3)",29.5,"(28.2, 30.8)",78.1,"(77.0, 79.3)",57.5,"(56.2, 58.8)",7.8,"( 7.3,  8.2)",6.1,"( 5.8,  6.5)",10.2,"( 9.7, 10.7)",10.3,"( 9.8, 10.9)",82.5,"(80.1, 85.2)",83.1,"(80.7, 85.6)",7.9,"( 7.2,  8.7)",6.2,"( 5.6,  6.8)",78.3,"(77.2, 79.3)",76.0,"(74.8, 77.2)",86.0,"(84.5, 87.4)",84.2,"(82.3, 85.8)",77.5,"(74.6, 80.3)",75.3,"(71.9, 78.4)",8.5,"( 7.2,  9.9)",7.1,"( 6.1,  8.2)",38.4,"(30.2, 46.4)",38.9,"(30.8, 47.0)",38.8,"(31.3, 46.8)",39.3,"(31.8, 47.3)",18.4,"(15.6, 21.3)",19.6,"(16.4, 22.8)",63.5,"(59.5, 67.1)",62.8,"(58.9, 66.7)",22.1,"(20.9, 23.4)",23,"(21.6, 24.3)",11.2,"(10.3, 12.2)",9.2,"( 8.5, 10.0)",15.4,"(13.3, 17.7)",13.9,"(12.0, 16.0)",33.0,"(32.0, 34.2)",27.5,"(26.7, 28.4)",3.2,"( 3.0,  3.5)",2.7,"( 2.5,  2.9)",24.7,"(21.9, 27.6)",23.5,"(20.7, 26.3)",74.3,"(69.8, 78.4)",74.2,"(69.5, 78.5)",15.7,"(14.5, 16.8)",16.8,"(15.5, 18.1)",34.3,"(32.6, 36.0)",34.6,"(32.8, 36.4)",11.4,"(10.3, 12.8)",10.4,"( 9.3, 11.7)",35.5,"(33.8, 37.2)",36.7,"(34.8, 38.4)",3.5,"( 3.0,  4.0)",2.8,"( 2.5,  3.2)",12.1,"( 7.9, 16.7)",12.9,"( 8.3, 18.3)",POINT (-77.0552624 41.3438824)
PA,Pennsylvania,Union,42119,"44,294",12.4,"(10.2, 14.7)",12.8,"(10.6, 15.0)",26.6,"(25.3, 27.9)",24.1,"(22.8, 25.3)",18.3,"(17.5, 19.1)",19.7,"(18.9, 20.5)",30.7,"(29.4, 31.9)",29.3,"(28.1, 30.5)",75.2,"(74.0, 76.5)",57.4,"(56.4, 58.5)",7.0,"( 6.6,  7.4)",6.0,"( 5.7,  6.3)",10.0,"( 9.5, 10.6)",10.0,"( 9.5, 10.6)",81.6,"(78.8, 84.5)",82.7,"(80.1, 85.4)",7.1,"( 6.4,  7.9)",6.1,"( 5.5,  6.7)",77.8,"(76.7, 78.8)",76.4,"(75.3, 77.5)",84.3,"(82.9, 85.9)",84.1,"(82.7, 85.6)",75.0,"(72.2, 78.0)",73.0,"(69.8, 76.3)",7.4,"( 6.3,  8.7)",6.7,"( 5.7,  7.8)",41.7,"(33.5, 49.9)",42.0,"(33.7, 50.1)",36.7,"(29.3, 44.5)",37.9,"(30.3, 45.8)",17.6,"(15.0, 20.3)",19.0,"(16.3, 22.0)",64.3,"(60.4, 67.9)",63.4,"(59.6, 67.1)",20.8,"(19.6, 22.1)",21,"(19.8, 22.4)",10.6,"( 9.8, 11.5)",9.7,"( 9.0, 10.4)",14.4,"(12.5, 16.6)",13.8,"(12.0, 15.8)",30.3,"(29.3, 31.4)",27.3,"(26.5, 28.3)",2.9,"( 2.7,  3.2)",2.6,"( 2.4,  2.8)",24.4,"(21.9, 27.3)",23.9,"(21.6, 26.7)",72.1,"(67.1, 77.0)",72.4,"(67.2, 77.3)",15.1,"(13.9, 16.3)",15.5,"(14.4, 16.7)",33.9,"(32.3, 35.6)",35.3,"(33.7, 37.0)",10.3,"( 9.3, 11.6)",9.9,"( 9.0, 11.0)",35.6,"(33.9, 37.3)",37.0,"(35.3, 38.6)",3.1,"( 2.7,  3.6)",2.7,"( 2.4,  3.1)",11.9,"( 7.4, 17.0)",12.9,"( 8.1, 18.3)",POINT (-77.0554751 40.962179)
PA,Pennsylvania,Franklin,42055,"155,637",12.0,"(10.0, 14.2)",12.6,"(10.3, 15.0)",30.7,"(29.3, 32.1)",25.3,"(24.0, 26.6)",16.7,"(16.0, 17.4)",19.0,"(18.2, 19.8)",35.7,"(34.3, 37.0)",30.8,"(29.5, 32.1)",77.1,"(75.9, 78.3)",56.2,"(55.1, 57.4)",7.9,"( 7.4,  8.3)",6.1,"( 5.7,  6.4)",10.3,"( 9.8, 10.8)",10.4,"( 9.9, 11.0)",81.9,"(79.0, 84.5)",82.3,"(79.6, 84.8)",7.9,"( 7.0,  8.7)",6.0,"( 5.4,  6.5)",78.0,"(77.1, 79.0)",75.4,"(74.3, 76.6)",85.9,"(84.7, 87.2)",83.7,"(82.2, 85.2)",76.1,"(73.0, 79.0)",74.1,"(70.8, 77.3)",8.4,"( 7.0,  9.7)",6.9,"( 5.9,  7.9)",43.1,"(34.7, 51.1)",43.4,"(35.0, 51.3)",35.2,"(27.8, 43.1)",35.6,"(28.1, 43.6)",18.3,"(15.4, 21.1)",19.3,"(16.1, 22.5)",63.9,"(60.1, 67.7)",63.2,"(59.2, 67.1)",21.4,"(20.3, 22.6)",22.3,"(21.1, 23.7)",11.3,"(10.4, 12.2)",9.1,"( 8.4,  9.8)",15.3,"(13.2, 17.5)",13.7,"(11.8, 15.6)",33.5,"(32.4, 34.6)",27.7,"(26.8, 28.6)",3.2,"( 2.9,  3.5)",2.6,"( 2.4,  2.8)",24.7,"(21.9, 27.3)",23.2,"(20.5, 25.9)",73.1,"(68.4, 77.3)",73.1,"(68.3, 77.6)",15.2,"(14.1, 16.2)",16.5,"(15.1, 17.7)",39.9,"(38.1, 41.6)",40.0,"(38.2, 41.8)",11.3,"(10.1, 12.6)",10.2,"( 9.1, 11.3)",35.4,"(33.7, 37.0)",36.5,"(34.7, 38.2)",3.4,"( 3.0,  3.9)",2.7,"( 2.4,  3.0)",11.9,"( 7.6, 16.6)",12.7,"( 8.2, 17.4)",POINT (-77.7245208 39.9267722)
PA,Pennsylvania,Northampton,42095,"305,892",11.4,"( 9.7, 13.3)",12.0,"(10.1, 14.0)",29.8,"(28.3, 31.1)",25.1,"(23.9, 26.3)",17.6,"(17.0, 18.3)",19.7,"(19.0, 20.5)",32.0,"(30.9, 33.2)",28.6,"(27.6, 29.6)",76.6,"(75.5, 77.6)",56.3,"(55.3, 57.4)",7.4,"( 7.1,  7.8)",5.9,"( 5.6,  6.2)",9.7,"( 9.3, 10.2)",9.8,"( 9.4, 10.3)",82.5,"(80.2, 85.0)",83.1,"(80.9, 85.4)",7.1,"( 6.4,  7.8)",5.5,"( 5.0,  6.1)",78.1,"(77.3, 78.9)",75.9,"(74.9, 76.7)",86.4,"(85.3, 87.5)",85.1,"(83.8, 86.4)",76.2,"(73.5, 78.7)",74.3,"(71.3, 77.2)",7.0,"( 5.9,  8.2)",5.8,"( 5.0,  6.7)",37.0,"(29.4, 44.6)",37.3,"(30.0, 44.8)",38.8,"(31.8, 46.3)",39.4,"(32.3, 47.0)",16.3,"(13.8, 19.2)",17.3,"(14.5, 20.3)",67.4,"(64.2, 70.5)",66.7,"(63.3, 69.9)",20.9,"(19.8, 22.0)",21.5,"(20.5, 22.7)",11.0,"(10.2, 11.9)",9.2,"( 8.6,  9.9)",13.4,"(11.6, 15.4)",12.2,"(10.7, 13.9)",31.8,"(31.0, 32.7)",27.2,"(26.5, 27.9)",3.0,"( 2.8,  3.2)",2.5,"( 2.3,  2.7)",22.2,"(19.7, 24.7)",21.2,"(19.0, 23.5)",73.6,"(69.5, 77.4)",73.7,"(69.3, 77.6)",14.2,"(13.2, 15.1)",15.1,"(14.0, 16.1)",30.9,"(29.5, 32.3)",31.3,"(29.9, 32.7)",10.0,"( 9.0, 11.0)",9.1,"( 8.2, 10.0)",34.9,"(33.4, 36.3)",36.1,"(34.5, 37.6)",3.0,"( 2.7,  3.5)",2.5,"( 2.2,  2.8)",9.8,"( 6.0, 14.0)",10.5,"( 6.6, 14.9)",POINT (-75.3074468 40.7527913)
PA,Pennsylvania,Bucks,42017,"627,987",9.2,"( 7.5, 11.3)",9.8,"( 7.9, 12.0)",28.3,"(26.8, 29.7)",23.0,"(21.7, 24.2)",17.1,"(16.5, 17.8)",19.6,"(18.9, 20.4)",32.4,"(31.1, 33.8)",27.6,"(26.5, 28.8)",78.5,"(77.4, 79.6)",57.3,"(56.3, 58.3)",7.8,"( 7.4,  8.2)",6.0,"( 5.8,  6.3)",9.3,"( 8.8,  9.8)",9.4,"( 8.9,  9.9)",83.6,"(81.1, 86.1)",84.0,"(81.5, 86.3)",6.6,"( 6.0,  7.4)",5.1,"( 4.6,  5.6)",78.5,"(77.6, 79.3)",75.8,"(74.8, 76.8)",88.3,"(87.1, 89.4)",86.2,"(84.7, 87.6)",74.1,"(71.3, 76.8)",72.3,"(69.2, 75.3)",6.2,"( 5.1,  7.4)",5.1,"( 4.2,  5.9)",44.3,"(36.7, 52.0)",44.9,"(37.0, 52.4)",37.5,"(30.9, 44.4)",37.9,"(31.3, 44.7)",14.4,"(11.6, 17.3)",15.1,"(12.1, 18.1)",72.9,"(69.7, 76.0)",72.2,"(68.6, 75.6)",19.5,"(18.4, 20.6)",20.2,"(19.1, 21.5)",9.5,"( 8.7, 10.3)",7.5,"( 7.0,  8.1)",11.4,"( 9.7, 13.3)",10.1,"( 8.7, 11.7)",33.9,"(32.9, 34.9)",28.0,"(27.2, 28.8)",2.8,"( 2.6,  3.0)",2.2,"( 2.1,  2.4)",20.6,"(18.0, 23.1)",19.4,"(17.0, 21.9)",74.3,"(70.2, 78.3)",74.1,"(69.7, 78.0)",13.5,"(12.4, 14.6)",14.6,"(13.4, 15.8)",25.6,"(24.3, 27.0)",25.5,"(24.0, 26.9)",8.9,"( 7.9, 10.0)",7.9,"( 7.1,  8.9)",33.9,"(32.3, 35.5)",35.0,"(33.2, 36.7)",2.8,"( 2.4,  3.2)",2.2,"( 1.9,  2.5)",7.8,"( 4.6, 12.0)",8.4,"( 4.9, 13.1)",POINT (-75.10706 40.3368872)
PA,Pennsylvania,Huntingdon,42061,"44,590",12.0,"(10.0, 14.2)",12.5,"(10.4, 14.9)",30.1,"(28.8, 31.5)",25.0,"(23.8, 26.2)",17.9,"(17.1, 18.6)",20.3,"(19.4, 21.2)",36.1,"(34.7, 37.5)",31.5,"(30.3, 32.8)",77.9,"(76.7, 79.0)",57.9,"(56.7, 59.1)",7.7,"( 7.3,  8.2)",6.0,"( 5.7,  6.3)",10.0,"( 9.5, 10.5)",10.1,"( 9.6, 10.7)",81.2,"(78.5, 84.1)",82.1,"(79.5, 84.9)",8.2,"( 7.4,  9.1)",6.3,"( 5.7,  7.0)",76.9,"(75.9, 78.0)",74.3,"(73.1, 75.5)",85.3,"(84.0, 86.7)",83.2,"(81.7, 84.8)",74.1,"(71.3, 76.9)",71.7,"(68.4, 74.9)",8.8,"( 7.5, 10.0)",7.2,"( 6.3,  8.3)",40.1,"(30.9, 49.2)",40.2,"(31.3, 48.9)",33.3,"(26.4, 41.1)",33.5,"(26.5, 41.4)",19.9,"(17.1, 22.5)",21.3,"(17.9, 24.1)",60.7,"(57.0, 64.3)",59.9,"(56.0, 63.6)",21.3,"(20.1, 22.6)",22,"(20.8, 23.4)",11.7,"(10.8, 12.7)",9.6,"( 8.9, 10.3)",15.9,"(13.8, 18.1)",14.3,"(12.6, 16.3)",34.1,"(32.9, 35.3)",28.2,"(27.3, 29.2)",3.3,"( 3.0,  3.5)",2.7,"( 2.5,  2.9)",26.1,"(23.4, 28.8)",24.8,"(22.3, 27.3)",71.5,"(66.7, 76.3)",71.6,"(66.3, 76.3)",15.2,"(14.1, 16.2)",16.3,"(15.1, 17.4)",36.2,"(34.4, 38.0)",36.7,"(34.8, 38.5)",11.6,"(10.4, 12.8)",10.5,"( 9.5, 11.5)",36.0,"(34.3, 37.7)",37.4,"(35.5, 39.2)",3.6,"( 3.1,  4.1)",2.9,"( 2.5,  3.2)",13.0,"( 8.9, 17.5)",13.8,"( 9.4, 18.9)",POINT (-77.9685953 40.4223108)
PA,Pennsylvania,Clarion,42031,"38,305",10.9,"( 8.8, 13.3)",11.4,"( 9.2, 14.0)",30.1,"(28.6, 31.7)",25.8,"(24.4, 27.2)",17.9,"(17.0, 18.8)",20.0,"(19.0, 21.0)",34.2,"(32.6, 35.7)",30.2,"(28.7, 31.7)",78.5,"(77.3, 79.8)",57.8,"(56.4, 59.3)",7.6,"( 7.2,  8.1)",6.1,"( 5.8,  6.4)",10.5,"( 9.9, 11.2)",10.6,"(10.0, 11.3)",80.5,"(77.3, 83.6)",82.0,"(79.1, 84.8)",8.3,"( 7.5,  9.2)",6.5,"( 5.9,  7.2)",78.3,"(77.0, 79.4)",75.9,"(74.5, 77.2)",84.4,"(82.6, 86.1)",82.9,"(81.0, 84.7)",74.6,"(71.5, 77.4)",72.2,"(68.8, 75.5)",9.1,"( 7.7, 10.6)",7.8,"( 6.6,  8.9)",37.1,"(28.8, 45.8)",37.6,"(29.4, 46.3)",36.5,"(29.2, 44.0)",37.0,"(29.6, 44.5)",19.7,"(16.3, 22.9)",21.7,"(17.8, 25.2)",62.1,"(58.1, 66.3)",61.1,"(56.9, 65.2)",22.7,"(21.3, 24.2)",23.6,"(22.1, 25.1)",11.8,"(10.8, 12.8)",9.8,"( 9.0, 10.6)",16.3,"(14.1, 18.8)",15,"(12.9, 17.2)",33.8,"(32.6, 35.1)",28.4,"(27.4, 29.5)",3.3,"( 3.1,  3.6)",2.8,"( 2.6,  3.0)",25.6,"(22.4, 28.7)",24.6,"(21.4, 27.5)",72.1,"(67.2, 76.9)",71.8,"(66.5, 76.6)",16.1,"(14.7, 17.3)",17.0,"(15.6, 18.4)",35.4,"(33.3, 37.5)",36.5,"(34.2, 38.5)",11.9,"(10.5, 13.2)",11.0,"( 9.8, 12.2)",35.3,"(33.2, 37.2)",36.9,"(34.7, 38.8)",3.6,"( 3.1,  4.2)",3.0,"( 2.6,  3.4)",13.6,"( 9.0, 19.3)",14.6,"( 9.6, 20.3)",POINT (-79.4203691 41.1981594)
PA,Pennsylvania,Northumberland,42097,"90,258",12.0,"( 9.9, 14.1)",12.6,"(10.3, 15.0)",33.6,"(32.0, 35.1)",27.1,"(25.7, 28.4)",17.3,"(16.6, 18.1)",20.2,"(19.3, 21.1)",36.7,"(35.2, 38.1)",30.9,"(29.6, 32.1)",78.5,"(77.2, 79.6)",57.1,"(56.0, 58.4)",8.2,"( 7.7,  8.6)",6.1,"( 5.8,  6.4)",10.2,"( 9.7, 10.9)",10.4,"( 9.9, 11.1)",81.2,"(78.3, 84.0)",81.7,"(78.9, 84.4)",8.7,"( 7.9,  9.6)",6.4,"( 5.9,  7.0)",79.5,"(78.5, 80.4)",76.6,"(75.5, 77.7)",85.9,"(84.7, 87.2)",83.1,"(81.5, 84.8)",74.8,"(72.0, 77.6)",72.4,"(69.3, 75.5)",9.6,"( 8.2, 11.1)",7.7,"( 6.7,  8.8)",36.0,"(28.0, 44.9)",36.3,"(28.3, 45.0)",33.7,"(26.5, 41.7)",34.3,"(27.2, 42.1)",20.7,"(17.8, 23.8)",22.0,"(18.5, 25.2)",60.2,"(56.4, 63.8)",59.4,"(55.2, 63.4)",23.1,"(21.8, 24.5)",24.2,"(22.8, 25.7)",12.1,"(11.1, 13.0)",9.5,"( 8.8, 10.2)",17.2,"(14.9, 19.6)",15.2,"(13.3, 17.3)",36.0,"(34.8, 37.1)",29.2,"(28.3, 30.1)",3.5,"( 3.2,  3.8)",2.7,"( 2.5,  2.9)",26.3,"(23.4, 29.1)",24.5,"(22.0, 27.3)",72.9,"(68.3, 77.1)",73.0,"(68.0, 77.4)",15.5,"(14.4, 16.6)",17.0,"(15.7, 18.3)",36.6,"(34.7, 38.4)",36.7,"(34.9, 38.4)",12.3,"(11.1, 13.7)",10.9,"( 9.8, 12.1)",35.5,"(33.8, 37.1)",36.8,"(35.0, 38.5)",3.8,"( 3.4,  4.3)",2.9,"( 2.6,  3.3)",13.5,"( 9.2, 18.4)",14.6,"( 9.8, 19.6)",POINT (-76.709877 40.8515244)
PA,Pennsylvania,Wayne,42127,"51,163",11.5,"( 9.6, 13.7)",12.4,"(10.3, 14.8)",33.4,"(31.7, 35.0)",25.6,"(24.3, 26.9)",17.4,"(16.7, 18.1)",21.1,"(20.2, 22.0)",37.0,"(35.6, 38.4)",30.1,"(28.8, 31.3)",79.6,"(78.5, 80.7)",57.3,"(56.1, 58.4)",8.5,"( 8.1,  9.0)",6.0,"( 5.7,  6.3)",9.8,"( 9.2, 10.3)",9.9,"( 9.4, 10.5)",82.1,"(79.3, 84.9)",82.6,"(80.1, 85.3)",9.0,"( 8.1, 10.0)",6.3,"( 5.7,  6.9)",78.9,"(77.8, 79.9)",75.1,"(73.9, 76.3)",87.0,"(85.9, 88.2)",83.6,"(82.1, 85.1)",75.0,"(72.3, 78.0)",72.1,"(68.9, 75.5)",9.2,"( 7.7, 10.6)",7.0,"( 6.0,  8.1)",37.4,"(29.4, 45.3)",37.4,"(29.2, 45.3)",35.6,"(28.3, 43.3)",35.3,"(28.1, 42.7)",19.2,"(16.1, 22.2)",20.5,"(17.1, 23.5)",61.7,"(58.1, 65.5)",60.6,"(56.6, 64.7)",20.7,"(19.5, 22.0)",21.8,"(20.5, 23.2)",12.7,"(11.7, 13.8)",9.5,"( 8.8, 10.2)",16.3,"(14.0, 18.6)",14,"(12.3, 16.0)",36.5,"(35.4, 37.8)",28.7,"(27.9, 29.6)",3.5,"( 3.2,  3.8)",2.6,"( 2.5,  2.8)",25.9,"(22.7, 28.8)",23.9,"(21.0, 26.6)",69.9,"(64.4, 74.9)",70.1,"(64.6, 75.5)",14.4,"(13.4, 15.5)",16.1,"(14.9, 17.4)",31.1,"(29.4, 32.9)",31.1,"(29.3, 32.8)",11.9,"(10.6, 13.3)",10.3,"( 9.2, 11.4)",35.8,"(34.1, 37.5)",37.4,"(35.4, 39.2)",3.8,"( 3.3,  4.3)",2.8,"( 2.5,  3.1)",12.3,"( 8.1, 16.8)",12.8,"( 8.5, 17.6)",POINT (-75.2924932 41.6466021)
PA,Pennsylvania,York,42133,"450,448",11.3,"( 9.5, 13.3)",11.8,"( 9.9, 14.0)",29.1,"(27.7, 30.5)",24.8,"(23.6, 25.9)",17.9,"(17.3, 18.6)",19.9,"(19.1, 20.7)",31.5,"(30.2, 32.7)",28.0,"(27.0, 29.1)",77.3,"(76.2, 78.5)",57.4,"(56.3, 58.4)",7.4,"( 7.0,  7.8)",6.0,"( 5.7,  6.3)",10.4,"( 9.9, 10.9)",10.5,"(10.0, 11.0)",80.1,"(77.3, 82.9)",80.5,"(78.0, 83.1)",7.2,"( 6.4,  7.9)",5.8,"( 5.2,  6.3)",77.7,"(76.9, 78.6)",75.7,"(74.7, 76.6)",86.0,"(84.8, 87.2)",84.3,"(83.0, 85.7)",74.9,"(72.1, 77.7)",73.1,"(70.2, 76.2)",7.7,"( 6.5,  8.9)",6.5,"( 5.5,  7.5)",40.3,"(33.0, 47.8)",40.7,"(33.3, 48.4)",35.6,"(28.9, 42.6)",35.8,"(29.3, 42.8)",19.3,"(16.3, 22.1)",20.0,"(16.8, 22.9)",60.8,"(57.2, 64.2)",60.3,"(56.4, 63.8)",22,"(20.9, 23.2)",22.6,"(21.4, 24.0)",10.9,"(10.1, 11.7)",9.1,"( 8.5,  9.8)",14.2,"(12.4, 16.1)",13,"(11.4, 14.6)",31.9,"(31.0, 32.9)",27.1,"(26.3, 27.9)",3.0,"( 2.7,  3.2)",2.5,"( 2.3,  2.7)",23.9,"(21.5, 26.4)",22.8,"(20.5, 25.2)",71.9,"(67.6, 76.2)",71.8,"(67.5, 76.0)",14.9,"(13.8, 15.9)",15.8,"(14.6, 16.9)",33.7,"(32.1, 35.1)",33.6,"(32.0, 35.1)",10.7,"( 9.5, 11.8)",9.7,"( 8.7, 10.8)",34.9,"(33.3, 36.4)",35.8,"(34.1, 37.3)",3.1,"( 2.8,  3.5)",2.6,"( 2.3,  2.9)",11.0,"( 7.1, 15.5)",11.7,"( 7.4, 16.6)",POINT (-76.7288887 39.9217514)
PA,Pennsylvania,Carbon,42025,"64,081",11.6,"( 9.7, 13.8)",12.4,"(10.4, 14.9)",32.8,"(31.2, 34.4)",25.9,"(24.6, 27.2)",17.5,"(16.8, 18.3)",20.7,"(19.8, 21.6)",35.9,"(34.4, 37.3)",29.6,"(28.4, 30.9)",79.3,"(78.1, 80.3)",57.2,"(55.9, 58.4)",8.2,"( 7.7,  8.7)",6.1,"( 5.7,  6.4)",10.1,"( 9.6, 10.7)",10.2,"( 9.7, 10.9)",82.0,"(79.3, 84.7)",82.3,"(79.8, 84.9)",8.6,"( 7.8,  9.5)",6.2,"( 5.7,  6.8)",79.2,"(78.3, 80.2)",76.0,"(74.9, 77.2)",86.6,"(85.4, 87.8)",83.4,"(81.9, 85.0)",74.2,"(71.2, 77.1)",71.9,"(68.5, 75.2)",9.1,"( 7.8, 10.5)",7.1,"( 6.2,  8.2)",40.7,"(32.2, 49.7)",41.1,"(32.6, 49.8)",37.5,"(29.9, 45.1)",37.8,"(30.2, 45.3)",20.1,"(17.0, 23.2)",21.1,"(17.7, 24.3)",61.6,"(57.9, 65.3)",60.7,"(57.0, 64.6)",21.7,"(20.5, 23.1)",22.8,"(21.5, 24.2)",12.2,"(11.3, 13.2)",9.3,"( 8.7, 10.0)",16.2,"(14.0, 18.5)",14,"(12.3, 16.0)",36.0,"(34.8, 37.2)",28.7,"(27.8, 29.6)",3.4,"( 3.1,  3.7)",2.6,"( 2.4,  2.8)",26.0,"(23.1, 28.7)",24.2,"(21.5, 26.7)",71.2,"(66.5, 75.9)",70.9,"(66.0, 75.6)",15.0,"(13.9, 16.1)",16.5,"(15.2, 17.7)",31.5,"(29.7, 33.1)",31.2,"(29.4, 32.8)",12.0,"(10.9, 13.4)",10.5,"( 9.5, 11.6)",33.8,"(32.1, 35.4)",35.0,"(33.2, 36.6)",3.7,"( 3.2,  4.2)",2.8,"( 2.5,  3.1)",12.7,"( 8.5, 17.5)",13.4,"( 8.8, 18.5)",POINT (-75.7050387 40.9183666)
PA,Pennsylvania,Luzerne,42079,"316,982",12.7,"(10.8, 14.8)",13.3,"(11.3, 15.6)",31.8,"(30.3, 33.2)",26.6,"(25.4, 27.8)",17.9,"(17.3, 18.5)",20.1,"(19.4, 20.9)",33.0,"(31.7, 34.1)",29.4,"(28.3, 30.4)",77.5,"(76.4, 78.5)",57.6,"(56.6, 58.7)",7.7,"( 7.3,  8.1)",6.0,"( 5.7,  6.3)",10.1,"( 9.6, 10.7)",10.3,"( 9.8, 10.8)",81.3,"(78.7, 83.8)",82.0,"(79.7, 84.2)",8.2,"( 7.3,  9.0)",6.3,"( 5.7,  7.0)",79.4,"(78.6, 80.2)",77.2,"(76.2, 78.1)",85.6,"(84.4, 86.8)",84.1,"(82.8, 85.4)",73.4,"(70.4, 76.2)",71.3,"(68.0, 74.5)",8.7,"( 7.3, 10.2)",7.2,"( 6.2,  8.3)",36.4,"(29.1, 44.2)",36.6,"(29.4, 44.4)",36.1,"(29.0, 43.8)",36.7,"(29.7, 44.4)",19.0,"(16.1, 21.9)",20.1,"(16.8, 23.0)",62.9,"(59.4, 66.3)",62.2,"(58.7, 65.7)",21.8,"(20.7, 23.0)",22.5,"(21.3, 23.8)",12.6,"(11.6, 13.7)",10.5,"( 9.6, 11.2)",16.9,"(14.6, 19.3)",15.3,"(13.5, 17.4)",34.0,"(33.0, 35.0)",29.0,"(28.3, 29.8)",3.4,"( 3.1,  3.6)",2.8,"( 2.6,  3.0)",25.7,"(23.1, 28.4)",24.4,"(22.1, 27.1)",71.6,"(67.0, 76.0)",71.7,"(67.0, 76.0)",15.5,"(14.4, 16.5)",16.5,"(15.3, 17.7)",35.2,"(33.5, 36.7)",35.5,"(33.9, 37.0)",12.0,"(10.7, 13.3)",10.9,"( 9.8, 12.0)",37.5,"(35.8, 39.1)",38.7,"(36.9, 40.3)",3.6,"( 3.1,  4.1)",2.9,"( 2.5,  3.2)",12.7,"( 8.4, 18.0)",13.6,"( 9.0, 19.1)",POINT (-75.9760533 41.1730778)
PA,Pennsylvania,Allegheny,42003,"1,211,358",8.6,"( 7.0, 10.4)",8.8,"( 7.2, 10.7)",27.9,"(26.5, 29.2)",24.0,"(22.9, 25.2)",19.1,"(18.5, 19.6)",20.9,"(20.3, 21.5)",31.9,"(30.7, 33.2)",28.5,"(27.3, 29.6)",77.1,"(76.0, 78.1)",57.3,"(56.4, 58.3)",7.3,"( 7.0,  7.8)",6.0,"( 5.7,  6.3)",9.9,"( 9.5, 10.4)",10.0,"( 9.6, 10.5)",84.5,"(82.2, 86.6)",85.0,"(82.8, 87.0)",6.8,"( 6.2,  7.5)",5.5,"( 5.0,  6.1)",78.5,"(77.8, 79.1)",76.7,"(76.0, 77.5)",88.0,"(86.8, 89.1)",86.8,"(85.4, 88.0)",76.0,"(73.5, 78.5)",73.6,"(70.7, 76.3)",6.7,"( 5.7,  7.8)",5.8,"( 4.9,  6.6)",43.8,"(37.1, 50.3)",44.4,"(37.8, 50.8)",38.9,"(32.8, 44.8)",39.6,"(33.4, 45.2)",14.9,"(12.2, 17.8)",15.6,"(12.5, 18.6)",68.1,"(64.8, 71.4)",67.7,"(64.4, 71.3)",22,"(20.9, 23.2)",22.5,"(21.4, 23.8)",10.2,"( 9.4, 11.1)",8.7,"( 8.1,  9.4)",12.6,"(10.9, 14.5)",11.6,"(10.1, 13.3)",30.6,"(29.8, 31.5)",26.3,"(25.7, 27.0)",2.9,"( 2.7,  3.1)",2.5,"( 2.3,  2.6)",21.6,"(19.1, 24.1)",20.6,"(18.3, 23.1)",74.1,"(70.1, 77.7)",73.9,"(69.7, 77.7)",14.4,"(13.4, 15.6)",15.2,"(14.0, 16.5)",32.7,"(31.4, 34.1)",32.9,"(31.5, 34.4)",9.4,"( 8.4, 10.5)",8.7,"( 7.8,  9.6)",33.5,"(32.0, 35.1)",34.4,"(32.8, 36.0)",3.0,"( 2.7,  3.4)",2.5,"( 2.2,  2.8)",9.5,"( 6.1, 13.8)",10.2,"( 6.5, 15.0)",POINT (-79.9804515 40.4697574)
PA,Pennsylvania,Snyder,42109,"40,317",11.4,"( 9.1, 14.0)",11.9,"( 9.3, 14.6)",29.7,"(28.3, 31.3)",25.4,"(24.1, 26.8)",18.0,"(17.2, 18.9)",20.2,"(19.2, 21.2)",33.7,"(32.3, 35.1)",29.7,"(28.4, 31.0)",78.2,"(77.0, 79.5)",57.4,"(55.9, 58.7)",7.6,"( 7.2,  8.1)",6.1,"( 5.8,  6.5)",10.2,"( 9.6, 10.9)",10.4,"( 9.7, 11.0)",81.4,"(78.6, 84.3)",82.3,"(79.5, 85.0)",7.8,"( 7.0,  8.6)",6.1,"( 5.6,  6.7)",77.6,"(76.3, 78.7)",75.2,"(73.9, 76.5)",84.9,"(83.3, 86.5)",83.3,"(81.7, 85.1)",74.7,"(71.6, 77.9)",72.7,"(69.1, 76.3)",8.5,"( 7.3,  9.9)",7.3,"( 6.2,  8.4)",37.2,"(29.3, 46.3)",37.5,"(29.7, 46.5)",37.3,"(30.0, 45.0)",37.7,"(30.3, 45.5)",19.2,"(16.0, 22.2)",21.0,"(17.4, 24.5)",63.8,"(59.6, 67.7)",63.0,"(58.7, 67.1)",22.5,"(21.1, 24.0)",23.3,"(21.8, 24.9)",10.9,"(10.0, 11.8)",9.1,"( 8.4,  9.8)",15.2,"(13.1, 17.5)",13.9,"(12.0, 16.0)",33.5,"(32.4, 34.7)",28.2,"(27.2, 29.1)",3.2,"( 2.9,  3.4)",2.6,"( 2.4,  2.8)",25.5,"(22.6, 28.5)",24.4,"(21.5, 27.3)",73.8,"(68.9, 78.2)",73.8,"(68.9, 78.4)",15.7,"(14.4, 17.0)",16.7,"(15.2, 18.0)",37.0,"(35.1, 38.8)",37.9,"(35.8, 39.9)",11.3,"(10.0, 12.6)",10.4,"( 9.2, 11.6)",35.3,"(33.3, 36.9)",36.7,"(34.7, 38.5)",3.4,"( 3.0,  3.9)",2.8,"( 2.4,  3.2)",12.5,"( 8.2, 17.4)",13.4,"( 8.9, 18.5)",POINT (-77.0729288 40.7554068)
PA,Pennsylvania,Delaware,42045,"566,753",10.2,"( 8.7, 12.0)",10.5,"( 9.0, 12.4)",25.3,"(24.1, 26.6)",22.2,"(21.2, 23.3)",17.2,"(16.6, 17.7)",18.5,"(17.9, 19.0)",34.0,"(32.8, 35.1)",31.3,"(30.2, 32.4)",76.6,"(75.6, 77.6)",58.7,"(57.8, 59.6)",6.9,"( 6.6,  7.2)",5.9,"( 5.6,  6.1)",9.8,"( 9.4, 10.3)",9.9,"( 9.4, 10.3)",83.2,"(81.2, 85.2)",83.7,"(81.8, 85.6)",6.4,"( 5.8,  7.1)",5.4,"( 4.9,  5.9)",79.7,"(79.0, 80.4)",78.4,"(77.6, 79.1)",87.3,"(86.2, 88.4)",86.4,"(85.2, 87.5)",78.0,"(75.5, 80.2)",76.4,"(73.7, 78.8)",6.3,"( 5.3,  7.4)",5.5,"( 4.7,  6.4)",37.2,"(30.1, 44.1)",37.8,"(30.9, 44.5)",38.2,"(32.0, 44.4)",38.8,"(32.7, 44.8)",15.2,"(12.8, 17.8)",15.8,"(13.3, 18.5)",67.6,"(64.5, 70.5)",67.1,"(63.9, 70.0)",20.3,"(19.3, 21.4)",20.7,"(19.7, 21.7)",11.0,"(10.2, 11.8)",9.6,"( 9.0, 10.3)",13.2,"(11.5, 15.0)",12.3,"(10.9, 13.8)",31.5,"(30.6, 32.2)",27.5,"(26.8, 28.2)",2.9,"( 2.7,  3.1)",2.5,"( 2.4,  2.7)",22.2,"(20.0, 24.6)",21.5,"(19.4, 23.7)",75.7,"(71.8, 78.9)",75.4,"(71.1, 78.8)",14.3,"(13.3, 15.3)",14.9,"(13.9, 15.9)",29.8,"(28.4, 31.0)",30.0,"(28.7, 31.3)",9.7,"( 8.7, 10.8)",9.1,"( 8.2, 10.0)",36.8,"(35.3, 38.2)",37.7,"(36.1, 39.2)",3.0,"( 2.7,  3.3)",2.6,"( 2.3,  2.9)",9.3,"( 5.9, 13.3)",10.0,"( 6.5, 14.1)",POINT (-75.3988178 39.9166853)
PA,Pennsylvania,Clearfield,42033,"78,612",12.4,"(10.4, 14.7)",13.1,"(10.8, 15.6)",31.6,"(30.1, 33.1)",25.7,"(24.5, 26.9)",18.0,"(17.2, 18.8)",20.7,"(19.8, 21.6)",36.6,"(35.2, 37.9)",31.4,"(30.2, 32.6)",78.1,"(76.9, 79.3)",57.5,"(56.3, 58.7)",7.9,"( 7.4,  8.3)",6.0,"( 5.7,  6.3)",10.2,"( 9.7, 10.8)",10.3,"( 9.8, 11.0)",80.9,"(77.9, 83.9)",81.4,"(78.6, 84.3)",8.8,"( 7.9,  9.7)",6.6,"( 6.0,  7.3)",79.1,"(78.1, 80.1)",76.4,"(75.2, 77.6)",85.3,"(84.2, 86.5)",82.6,"(81.2, 84.1)",73.2,"(70.0, 76.2)",71.2,"(67.9, 74.5)",9.6,"( 8.2, 11.1)",7.8,"( 6.8,  9.0)",35.2,"(27.4, 43.8)",35.6,"(27.9, 44.4)",32.5,"(25.7, 39.8)",33.1,"(26.3, 40.3)",21.1,"(18.1, 23.9)",22.2,"(18.8, 25.2)",60.4,"(56.6, 64.3)",59.6,"(55.8, 63.6)",21.3,"(20.1, 22.6)",22.1,"(20.8, 23.5)",12.4,"(11.4, 13.3)",9.9,"( 9.2, 10.6)",17.4,"(15.2, 19.7)",15.5,"(13.7, 17.5)",34.7,"(33.6, 35.9)",28.4,"(27.5, 29.3)",3.5,"( 3.2,  3.8)",2.8,"( 2.6,  3.0)",26.7,"(23.9, 29.4)",25.0,"(22.4, 27.6)",71.1,"(66.4, 75.7)",71.1,"(66.1, 75.9)",15.4,"(14.3, 16.4)",16.6,"(15.3, 17.8)",33.9,"(32.1, 35.7)",33.9,"(32.2, 35.8)",12.5,"(11.3, 13.9)",11.1,"(10.1, 12.3)",36.0,"(34.2, 37.7)",37.2,"(35.3, 39.0)",3.9,"( 3.4,  4.4)",3.0,"( 2.7,  3.4)",14.2,"( 9.3, 18.9)",15.2,"(10.3, 20.6)",POINT (-78.4777237 41.0068618)
PA,Pennsylvania,Monroe,42089,"170,154",12.9,"(11.2, 14.7)",13.7,"(11.9, 15.7)",28.8,"(27.6, 30.1)",24.4,"(23.4, 25.4)",17.2,"(16.6, 17.7)",19.1,"(18.4, 19.7)",32.5,"(31.5, 33.6)",29.2,"(28.3, 30.1)",77.5,"(76.6, 78.4)",58.0,"(57.1, 58.8)",7.1,"( 6.7,  7.4)",5.8,"( 5.5,  6.0)",10.4,"( 9.9, 10.8)",10.4,"(10.0, 10.9)",82.2,"(80.0, 84.3)",83.0,"(81.2, 84.9)",7.5,"( 6.9,  8.1)",6.0,"( 5.6,  6.5)",79.1,"(78.4, 79.9)",77.0,"(76.2, 77.8)",86.2,"(85.2, 87.2)",84.8,"(83.7, 85.9)",73.8,"(71.4, 76.2)",72.1,"(69.5, 74.7)",7.4,"( 6.4,  8.5)",6.2,"( 5.5,  7.1)",40.7,"(33.4, 48.4)",41.3,"(34.0, 48.2)",33.8,"(27.9, 40.6)",33.6,"(27.7, 40.2)",17.3,"(15.1, 19.5)",18.2,"(15.9, 20.5)",62.8,"(59.6, 65.7)",61.9,"(58.9, 64.8)",20.6,"(19.6, 21.7)",21.1,"(20.1, 22.2)",12.3,"(11.6, 13.1)",10.2,"( 9.6, 10.8)",15.8,"(14.3, 17.7)",14.5,"(13.1, 16.1)",31.8,"(31.0, 32.7)",27.0,"(26.4, 27.7)",3.2,"( 3.0,  3.4)",2.7,"( 2.5,  2.9)",25.1,"(23.0, 27.4)",24.2,"(22.3, 26.3)",74.6,"(71.0, 78.1)",74.3,"(70.5, 77.9)",14.8,"(13.9, 15.7)",15.6,"(14.7, 16.6)",32.2,"(30.9, 33.5)",32.3,"(31.0, 33.7)",11.0,"(10.0, 12.0)",10.0,"( 9.2, 10.8)",36.7,"(35.3, 38.0)",37.7,"(36.3, 39.1)",3.3,"( 3.0,  3.7)",2.8,"( 2.5,  3.0)",11.5,"( 8.1, 15.7)",12.1,"( 8.4, 16.4)",POINT (-75.3290651 41.0562401)
PA,Pennsylvania,Bradford,42015,"60,221",11.2,"( 9.1, 13.6)",11.9,"( 9.4, 14.5)",32.7,"(30.9, 34.4)",25.8,"(24.4, 27.1)",16.5,"(15.8, 17.2)",19.6,"(18.7, 20.5)",36.6,"(35.0, 38.0)",29.8,"(28.4, 31.0)",79.9,"(78.7, 81.0)",57.2,"(55.9, 58.5)",8.4,"( 7.9,  8.9)",6.1,"( 5.8,  6.5)",10.3,"( 9.7, 10.9)",10.5,"( 9.9, 11.2)",80.8,"(77.9, 83.7)",81.5,"(78.8, 84.3)",9.1,"( 8.2, 10.1)",6.5,"( 5.9,  7.1)",78.3,"(77.2, 79.3)",74.9,"(73.6, 76.1)",86.5,"(85.2, 87.8)",83.2,"(81.4, 84.8)",74.6,"(71.6, 77.5)",72.1,"(68.7, 75.4)",9.7,"( 8.2, 11.2)",7.7,"( 6.6,  8.8)",37.9,"(29.5, 47.1)",38.1,"(29.8, 47.3)",34.8,"(27.4, 42.6)",34.9,"(27.6, 42.6)",20.5,"(17.3, 23.4)",22.0,"(18.4, 25.2)",63.2,"(59.5, 67.2)",62.4,"(58.4, 66.6)",22.6,"(21.3, 24.0)",23.9,"(22.5, 25.4)",12.6,"(11.5, 13.6)",9.6,"( 8.8, 10.3)",17,"(14.5, 19.4)",14.8,"(12.7, 16.9)",35.5,"(34.2, 36.6)",28.0,"(26.9, 28.9)",3.6,"( 3.3,  3.9)",2.7,"( 2.5,  3.0)",27.0,"(23.7, 29.9)",25.0,"(22.1, 27.8)",71.7,"(66.6, 76.2)",71.7,"(66.3, 76.3)",15.4,"(14.2, 16.5)",17.1,"(15.7, 18.4)",36.0,"(34.0, 37.8)",36.1,"(34.0, 37.9)",12.4,"(11.1, 13.8)",10.9,"( 9.7, 12.1)",35.2,"(33.4, 36.9)",36.6,"(34.5, 38.4)",3.9,"( 3.4,  4.5)",2.9,"( 2.6,  3.3)",13.3,"( 9.1, 18.5)",14.1,"( 9.6, 20.1)",POINT (-76.5021231 41.7915044)
PA,Pennsylvania,Juniata,42067,"24,619",12.5,"(10.2, 15.2)",13.1,"(10.7, 16.1)",31.7,"(30.0, 33.3)",25.5,"(24.1, 26.9)",17.2,"(16.4, 18.0)",20.0,"(19.0, 21.0)",37.2,"(35.7, 38.6)",31.4,"(30.0, 32.7)",78.1,"(76.9, 79.3)",56.4,"(55.1, 57.9)",8.1,"( 7.6,  8.5)",6.0,"( 5.7,  6.3)",10.2,"( 9.6, 10.8)",10.4,"( 9.8, 11.1)",81.2,"(78.4, 84.0)",81.8,"(79.1, 84.5)",8.8,"( 8.0,  9.8)",6.5,"( 5.9,  7.1)",78.7,"(77.6, 79.9)",75.8,"(74.4, 77.1)",85.2,"(83.8, 86.5)",82.4,"(80.7, 84.1)",74.3,"(71.2, 77.4)",72.0,"(68.7, 75.4)",9.6,"( 8.1, 11.1)",7.8,"( 6.7,  8.9)",37.6,"(28.3, 46.4)",37.9,"(28.6, 46.5)",33.3,"(25.4, 41.1)",34.0,"(26.0, 41.7)",21.0,"(18.0, 24.0)",22.3,"(19.0, 25.8)",61.9,"(57.9, 65.9)",61.2,"(57.1, 65.4)",22.4,"(21.0, 23.8)",23.5,"(22.1, 25.1)",12.1,"(11.1, 13.2)",9.5,"( 8.7, 10.2)",17.2,"(14.7, 19.9)",15.2,"(13.1, 17.4)",36.1,"(35.0, 37.5)",29.3,"(28.3, 30.4)",3.4,"( 3.2,  3.7)",2.7,"( 2.5,  2.9)",27.4,"(24.3, 30.3)",25.6,"(22.8, 28.3)",71.1,"(65.9, 76.5)",70.9,"(65.5, 76.4)",15.6,"(14.4, 16.7)",17.0,"(15.7, 18.4)",34.6,"(32.7, 36.4)",34.7,"(32.7, 36.5)",12.4,"(11.0, 13.8)",11.0,"( 9.8, 12.2)",35.4,"(33.7, 37.0)",36.7,"(34.9, 38.4)",3.8,"( 3.3,  4.3)",2.9,"( 2.6,  3.3)",14.0,"( 9.1, 18.8)",15.1,"(10.0, 20.5)",POINT (-77.4004377 40.530673)
PA,Pennsylvania,Mifflin,42087,"46,064",12.3,"(10.1, 14.9)",12.9,"(10.5, 15.9)",33.7,"(32.1, 35.2)",26.8,"(25.5, 28.2)",17.1,"(16.3, 17.8)",20.2,"(19.2, 21.2)",37.6,"(36.1, 39.1)",31.1,"(29.7, 32.4)",79.7,"(78.6, 80.9)",57.6,"(56.2, 59.0)",8.3,"( 7.9,  8.9)",6.1,"( 5.8,  6.4)",10.8,"(10.1, 11.4)",11.0,"(10.4, 11.7)",80.8,"(77.9, 83.5)",81.4,"(78.6, 84.0)",9.4,"( 8.4, 10.3)",6.7,"( 6.1,  7.3)",79.3,"(78.3, 80.4)",76.1,"(74.9, 77.4)",85.3,"(83.9, 86.6)",82.0,"(80.2, 83.7)",71.9,"(68.6, 75.0)",69.5,"(65.9, 72.8)",10.5,"( 9.0, 12.0)",8.4,"( 7.3,  9.6)",37.2,"(29.2, 45.6)",37.5,"(29.3, 45.7)",31.7,"(25.0, 39.2)",32.2,"(25.4, 39.9)",21.8,"(18.7, 25.0)",23.6,"(20.0, 27.0)",60.7,"(56.7, 64.8)",59.9,"(55.8, 64.1)",23.1,"(21.7, 24.5)",24.5,"(23.0, 26.0)",12.8,"(11.8, 13.8)",9.9,"( 9.1, 10.6)",18.5,"(16.1, 21.2)",16.2,"(14.2, 18.5)",36.0,"(34.8, 37.4)",28.7,"(27.7, 29.8)",3.7,"( 3.4,  4.0)",2.8,"( 2.6,  3.1)",29.6,"(26.4, 32.6)",27.5,"(24.5, 30.4)",71.5,"(66.9, 75.8)",71.8,"(66.7, 76.2)",15.9,"(14.8, 17.1)",17.6,"(16.3, 18.9)",35.1,"(33.3, 36.9)",35.3,"(33.5, 37.2)",13.2,"(11.9, 14.6)",11.7,"(10.5, 12.9)",36.4,"(34.7, 38.0)",37.8,"(36.0, 39.5)",4.1,"( 3.6,  4.7)",3.1,"( 2.7,  3.5)",15.0,"(10.5, 19.8)",16.1,"(11.0, 21.3)",POINT (-77.6518322 40.6016153)
PA,Pennsylvania,Tioga,42117,"40,381",10.8,"( 8.8, 13.1)",11.4,"( 9.4, 13.9)",33.1,"(31.5, 34.6)",26.3,"(25.0, 27.6)",16.9,"(16.1, 17.6)",20.0,"(19.0, 21.0)",37.2,"(35.6, 38.6)",30.6,"(29.2, 31.8)",79.0,"(77.9, 80.2)",56.5,"(55.0, 57.9)",8.3,"( 7.9,  8.8)",6.1,"( 5.8,  6.4)",10.4,"( 9.8, 10.9)",10.6,"(10.0, 11.2)",81.6,"(78.7, 84.4)",82.2,"(79.4, 85.0)",9.0,"( 8.2,  9.9)",6.5,"( 5.9,  7.1)",78.9,"(77.7, 79.9)",75.6,"(74.2, 76.8)",86.1,"(84.7, 87.4)",83.0,"(81.3, 84.7)",74.5,"(71.6, 77.5)",71.8,"(68.5, 75.0)",9.5,"( 8.1, 11.0)",7.5,"( 6.5,  8.6)",37.6,"(29.9, 46.2)",37.9,"(30.2, 46.3)",33.9,"(26.9, 41.2)",34.0,"(26.9, 41.3)",19.5,"(16.3, 22.3)",21.2,"(17.4, 24.3)",61.1,"(57.1, 65.2)",60.2,"(56.0, 64.6)",21.8,"(20.6, 23.1)",23.1,"(21.8, 24.5)",12.2,"(11.2, 13.2)",9.3,"( 8.6, 10.1)",16.5,"(14.2, 18.7)",14.4,"(12.4, 16.4)",35.3,"(34.1, 36.6)",28.1,"(27.1, 29.0)",3.5,"( 3.3,  3.8)",2.7,"( 2.5,  2.9)",26.1,"(22.9, 28.8)",24.2,"(21.3, 26.8)",70.8,"(65.6, 75.6)",70.7,"(65.4, 75.5)",15.2,"(14.1, 16.3)",16.8,"(15.4, 18.1)",34.5,"(32.6, 36.3)",34.8,"(32.9, 36.8)",12.2,"(11.0, 13.5)",10.8,"( 9.7, 11.8)",34.3,"(32.4, 36.0)",35.8,"(33.8, 37.6)",3.9,"( 3.4,  4.4)",2.9,"( 2.5,  3.3)",13.4,"( 8.9, 18.2)",14.2,"( 9.5, 19.5)",POINT (-77.2572881 41.7668593)
PA,Pennsylvania,Forest,42053,"6,965",16.4,"(14.0, 18.9)",17.0,"(14.5, 19.6)",31.4,"(30.0, 32.7)",26.2,"(25.1, 27.3)",18.2,"(17.5, 19.0)",20.4,"(19.6, 21.3)",38.3,"(37.1, 39.5)",36.1,"(34.8, 37.3)",75.0,"(73.9, 76.1)",59.5,"(58.2, 60.8)",7.4,"( 7.0,  7.8)",5.8,"( 5.5,  6.1)",9.7,"( 9.2, 10.2)",9.7,"( 9.2, 10.2)",80.1,"(76.9, 83.3)",80.5,"(77.8, 83.2)",9.4,"( 8.6, 10.3)",7.4,"( 6.8,  8.0)",78.2,"(77.2, 79.2)",76.1,"(75.0, 77.1)",82.8,"(81.6, 84.1)",82.1,"(80.8, 83.5)",73.4,"(70.4, 76.1)",70.3,"(67.1, 73.3)",10.1,"( 8.8, 11.5)",8.3,"( 7.3,  9.3)",35.7,"(27.9, 44.6)",36.0,"(27.8, 44.5)",33.0,"(25.9, 40.4)",32.3,"(25.5, 39.2)",22.8,"(20.2, 25.3)",24.1,"(21.3, 26.7)",54.5,"(51.1, 58.2)",53.6,"(50.2, 57.1)",19.8,"(18.7, 20.9)",19.9,"(18.8, 21.0)",13.6,"(12.6, 14.6)",11.5,"(10.8, 12.3)",19.5,"(17.3, 21.9)",18,"(16.1, 20.2)",33.3,"(32.2, 34.4)",29.1,"(28.2, 30.0)",3.6,"( 3.3,  3.9)",3.0,"( 2.8,  3.2)",29.6,"(26.9, 32.2)",28.4,"(26.0, 30.9)",69.4,"(64.3, 74.2)",69.8,"(64.8, 74.5)",14.8,"(13.9, 15.7)",15.6,"(14.7, 16.6)",39.6,"(37.8, 41.3)",40.3,"(38.6, 42.0)",13.0,"(11.8, 14.3)",11.9,"(10.9, 12.9)",38.2,"(36.7, 39.6)",39.8,"(38.2, 41.3)",4.2,"( 3.7,  4.7)",3.4,"( 3.1,  3.8)",16.6,"(11.8, 22.1)",17.3,"(12.2, 22.9)",POINT (-79.249705 41.513304)
PA,Pennsylvania,Cameron,42023,"4,330",11.6,"( 9.7, 13.8)",12.7,"(10.6, 15.1)",37.9,"(36.2, 39.5)",27.3,"(26.1, 28.5)",15.0,"(14.3, 15.7)",19.7,"(18.7, 20.6)",41.4,"(39.9, 42.8)",31.3,"(30.1, 32.5)",82.3,"(81.2, 83.3)",57.8,"(56.5, 59.2)",9.5,"( 8.9, 10.1)",6.1,"( 5.8,  6.4)",10.5,"(10.0, 11.1)",10.9,"(10.3, 11.5)",79.1,"(75.8, 82.3)",80.2,"(77.5, 82.8)",11.3,"(10.3, 12.4)",7.2,"( 6.6,  7.8)",80.8,"(79.8, 81.8)",75.9,"(74.6, 77.1)",87.6,"(86.5, 88.5)",82.5,"(80.9, 84.1)",74.4,"(71.5, 77.0)",70.8,"(67.3, 74.0)",12.2,"(10.6, 13.9)",8.9,"( 7.8,  9.9)",35.5,"(27.3, 43.8)",35.8,"(28.1, 43.7)",32.5,"(26.2, 39.8)",33.2,"(26.7, 40.2)",22.1,"(19.1, 24.8)",24.6,"(21.4, 27.6)",59.2,"(55.7, 62.8)",57.8,"(54.1, 61.4)",22.2,"(21.0, 23.4)",24.1,"(22.8, 25.5)",15.4,"(14.3, 16.6)",10.6,"( 9.9, 11.3)",20.5,"(18.2, 23.1)",16.9,"(15.1, 18.9)",39.2,"(37.9, 40.5)",29.1,"(28.1, 30.0)",4.3,"( 4.0,  4.7)",3.0,"( 2.8,  3.2)",30.0,"(26.9, 32.8)",27.0,"(24.3, 29.5)",70.5,"(65.8, 75.0)",70.4,"(65.4, 75.3)",15.3,"(14.4, 16.2)",17.8,"(16.7, 19.0)",36.1,"(34.2, 38.0)",36.2,"(34.3, 38.1)",14.7,"(13.3, 16.1)",12.3,"(11.2, 13.4)",35.3,"(33.6, 36.9)",37.5,"(35.7, 39.2)",4.9,"( 4.4,  5.6)",3.3,"( 3.0,  3.7)",15.5,"(11.1, 20.3)",16.6,"(11.9, 21.8)",POINT (-78.1983225 41.4382909)
PA,Pennsylvania,Schuylkill,42107,"140,709",12.2,"(10.2, 14.4)",12.9,"(10.7, 15.3)",31.9,"(30.4, 33.3)",25.9,"(24.7, 27.1)",17.8,"(17.1, 18.5)",20.5,"(19.6, 21.4)",36.1,"(34.7, 37.4)",30.9,"(29.6, 32.1)",78.4,"(77.3, 79.5)",57.8,"(56.7, 59.0)",7.9,"( 7.5,  8.4)",6.0,"( 5.7,  6.4)",10.1,"( 9.6, 10.7)",10.2,"( 9.7, 10.9)",81.0,"(78.5, 83.8)",81.5,"(79.0, 84.1)",8.6,"( 7.8,  9.4)",6.5,"( 5.9,  7.0)",77.0,"(76.0, 78.0)",74.1,"(72.9, 75.3)",86.1,"(84.8, 87.3)",83.5,"(81.9, 85.0)",73.4,"(70.4, 76.5)",71.3,"(67.9, 74.7)",9.3,"( 8.0, 10.7)",7.6,"( 6.6,  8.6)",38.4,"(30.5, 47.4)",38.7,"(30.8, 47.2)",32.3,"(25.6, 40.1)",32.8,"(26.1, 40.6)",20.7,"(17.8, 23.4)",21.7,"(18.8, 24.7)",61.7,"(57.8, 65.3)",60.9,"(56.9, 64.6)",21.5,"(20.4, 22.8)",22.4,"(21.1, 23.8)",12.2,"(11.3, 13.1)",9.7,"( 9.0, 10.5)",16.9,"(14.9, 19.3)",15.1,"(13.3, 17.3)",35.3,"(34.3, 36.5)",29.0,"(28.1, 29.9)",3.4,"( 3.2,  3.7)",2.7,"( 2.5,  2.9)",28.3,"(25.2, 31.2)",26.6,"(23.7, 29.2)",68.6,"(63.8, 73.6)",68.7,"(63.8, 74.1)",15.5,"(14.5, 16.6)",16.8,"(15.7, 18.0)",36.5,"(34.8, 38.2)",36.4,"(34.7, 38.2)",12.4,"(11.2, 13.7)",11.1,"(10.0, 12.2)",35.2,"(33.6, 36.8)",36.4,"(34.6, 38.0)",3.7,"( 3.3,  4.2)",2.9,"( 2.6,  3.3)",13.3,"( 9.0, 18.0)",14.2,"( 9.7, 19.4)",POINT (-76.2177878 40.703682)
PA,Pennsylvania,Indiana,42063,"83,664",10.9,"( 8.7, 13.5)",11.4,"( 9.0, 13.9)",29.4,"(27.8, 30.8)",25.9,"(24.4, 27.3)",17.5,"(16.8, 18.4)",19.4,"(18.5, 20.3)",33.9,"(32.5, 35.2)",30.9,"(29.6, 32.3)",77.5,"(76.3, 78.7)",57.5,"(56.1, 58.8)",7.4,"( 7.0,  7.9)",6.1,"( 5.8,  6.5)",10.5,"( 9.9, 11.2)",10.6,"(10.0, 11.2)",79.7,"(76.5, 82.9)",82.1,"(79.4, 84.6)",8.0,"( 7.1,  8.8)",6.5,"( 5.8,  7.1)",77.7,"(76.6, 78.8)",75.6,"(74.4, 76.8)",83.7,"(81.9, 85.5)",82.9,"(81.2, 84.7)",75.7,"(72.6, 78.7)",73.2,"(69.6, 76.6)",8.7,"( 7.3, 10.0)",7.6,"( 6.4,  8.7)",37.9,"(29.6, 46.8)",38.4,"(30.3, 47.0)",35.3,"(28.5, 43.5)",35.7,"(28.8, 43.7)",18.8,"(15.7, 21.8)",21.1,"(17.3, 24.7)",62.3,"(58.2, 66.5)",61.2,"(56.8, 65.4)",23.6,"(22.1, 25.1)",24.3,"(22.8, 25.7)",11.2,"(10.2, 12.1)",9.6,"( 8.8, 10.3)",15.8,"(13.6, 18.2)",14.7,"(12.7, 16.9)",33.1,"(31.9, 34.4)",28.4,"(27.4, 29.4)",3.3,"( 3.0,  3.5)",2.8,"( 2.6,  3.0)",25.0,"(22.1, 28.1)",24.3,"(21.4, 27.2)",73.4,"(68.5, 77.8)",73.3,"(68.3, 77.7)",16.1,"(14.8, 17.5)",16.9,"(15.5, 18.2)",33.9,"(32.0, 35.6)",35.5,"(33.5, 37.4)",11.6,"(10.3, 12.9)",11.0,"( 9.7, 12.2)",34.4,"(32.6, 36.2)",36.2,"(34.2, 38.1)",3.5,"( 3.0,  4.0)",2.9,"( 2.6,  3.3)",12.9,"( 8.3, 17.7)",13.8,"( 9.0, 19.2)",POINT (-79.0875451 40.6514319)
PA,Pennsylvania,Armstrong,42005,"64,162",10.6,"( 8.5, 12.8)",11.4,"( 9.1, 13.9)",34.0,"(32.4, 35.6)",26.5,"(25.1, 27.8)",17.3,"(16.6, 18.1)",20.9,"(19.9, 21.9)",37.0,"(35.5, 38.5)",29.8,"(28.6, 31.1)",80.2,"(79.0, 81.3)",57.4,"(56.0, 58.8)",8.5,"( 8.0,  9.0)",6.1,"( 5.8,  6.4)",10.2,"( 9.7, 10.8)",10.5,"( 9.9, 11.1)",81.8,"(78.9, 84.7)",82.3,"(79.6, 85.0)",9.0,"( 8.1,  9.8)",6.3,"( 5.7,  6.9)",79.4,"(78.4, 80.5)",75.9,"(74.6, 77.2)",86.6,"(85.4, 87.8)",82.9,"(81.2, 84.6)",75.0,"(71.9, 78.0)",72.5,"(69.0, 75.9)",9.5,"( 8.1, 11.0)",7.4,"( 6.4,  8.4)",40.2,"(32.4, 49.0)",40.6,"(32.7, 49.1)",37.6,"(30.5, 45.6)",38.1,"(30.9, 46.0)",20.1,"(16.8, 23.1)",21.5,"(17.8, 24.8)",60.8,"(57.1, 64.9)",59.9,"(56.1, 64.5)",22,"(20.8, 23.3)",23.4,"(22.0, 24.9)",12.2,"(11.2, 13.2)",9.1,"( 8.5,  9.8)",16.5,"(14.2, 18.7)",14.1,"(12.3, 16.0)",35.0,"(33.7, 36.3)",27.3,"(26.3, 28.2)",3.5,"( 3.2,  3.8)",2.6,"( 2.5,  2.8)",26.1,"(22.9, 28.9)",23.9,"(21.0, 26.6)",72.7,"(68.4, 77.1)",72.8,"(68.2, 77.2)",15.1,"(14.0, 16.2)",16.9,"(15.5, 18.1)",40.0,"(38.0, 42.0)",39.8,"(37.7, 41.7)",12.3,"(10.9, 13.5)",10.6,"( 9.5, 11.8)",35.2,"(33.3, 36.9)",36.6,"(34.6, 38.4)",3.8,"( 3.4,  4.3)",2.8,"( 2.5,  3.1)",13.3,"( 8.8, 18.0)",14.2,"( 9.6, 19.2)",POINT (-79.4641285 40.8123805)
PA,Pennsylvania,Lackawanna,42069,"208,989",11.2,"( 9.3, 13.3)",11.7,"( 9.7, 13.8)",30.4,"(28.8, 31.8)",25.2,"(24.0, 26.5)",16.2,"(15.5, 16.8)",18.4,"(17.6, 19.1)",32.3,"(30.9, 33.7)",28.1,"(26.9, 29.3)",78.9,"(77.9, 79.9)",58.3,"(57.2, 59.5)",7.7,"( 7.3,  8.2)",6.0,"( 5.7,  6.3)",10.0,"( 9.5, 10.5)",10.1,"( 9.6, 10.7)",81.2,"(78.4, 83.7)",81.8,"(79.2, 84.1)",7.9,"( 7.1,  8.8)",6.1,"( 5.5,  6.7)",78.2,"(77.3, 79.1)",75.7,"(74.6, 76.7)",86.1,"(84.8, 87.3)",84.3,"(82.8, 85.7)",73.9,"(70.9, 76.8)",71.7,"(68.3, 74.8)",8.2,"( 7.0,  9.6)",6.8,"( 5.8,  7.9)",37.7,"(29.9, 45.8)",38.1,"(30.2, 46.5)",32.3,"(25.6, 39.7)",33.0,"(26.2, 40.4)",18.2,"(15.3, 21.2)",19.3,"(15.9, 22.6)",65.3,"(61.6, 68.9)",64.6,"(60.9, 68.2)",21.7,"(20.5, 22.9)",22.5,"(21.2, 23.8)",11.5,"(10.6, 12.4)",9.4,"( 8.7, 10.1)",15.6,"(13.6, 17.9)",14.1,"(12.3, 16.1)",31.8,"(30.8, 32.7)",26.5,"(25.8, 27.3)",3.3,"( 3.0,  3.5)",2.7,"( 2.5,  2.9)",25.3,"(22.5, 27.9)",24.0,"(21.3, 26.5)",72.7,"(68.0, 77.1)",72.8,"(67.8, 77.4)",15.3,"(14.1, 16.4)",16.4,"(15.1, 17.6)",31.6,"(30.1, 33.2)",31.9,"(30.3, 33.5)",11.5,"(10.3, 12.8)",10.4,"( 9.4, 11.6)",33.8,"(32.3, 35.4)",35.0,"(33.3, 36.7)",3.4,"( 3.0,  3.9)",2.7,"( 2.4,  3.1)",11.6,"( 7.0, 17.0)",12.4,"( 7.4, 18.0)",POINT (-75.6096661 41.4402841)
PA,Pennsylvania,Dauphin,42043,"279,874",11.5,"( 9.9, 13.3)",11.9,"(10.1, 13.8)",26.9,"(25.7, 28.1)",23.4,"(22.3, 24.4)",16.4,"(15.9, 17.0)",17.9,"(17.2, 18.5)",32.7,"(31.6, 33.8)",29.8,"(28.8, 30.9)",77.9,"(77.0, 78.8)",59.6,"(58.7, 60.6)",6.9,"( 6.6,  7.2)",5.8,"( 5.5,  6.0)",10.2,"( 9.7, 10.7)",10.3,"( 9.8, 10.7)",82.2,"(80.0, 84.3)",82.7,"(80.7, 84.7)",6.9,"( 6.3,  7.6)",5.7,"( 5.2,  6.2)",79.2,"(78.4, 80.0)",77.7,"(76.8, 78.5)",86.2,"(85.1, 87.3)",85.0,"(83.8, 86.2)",76.5,"(74.0, 78.9)",74.6,"(71.8, 77.2)",6.9,"( 5.9,  8.0)",6.0,"( 5.2,  6.9)",37.9,"(30.5, 45.1)",38.3,"(31.4, 45.5)",35.8,"(29.6, 42.2)",35.9,"(29.9, 42.4)",17.7,"(15.2, 20.2)",18.3,"(15.6, 20.8)",66.0,"(62.9, 69.0)",65.6,"(62.5, 68.7)",21.3,"(20.3, 22.5)",21.7,"(20.7, 22.9)",11.3,"(10.5, 12.1)",9.7,"( 9.1, 10.4)",14.5,"(12.7, 16.3)",13.4,"(11.9, 15.1)",33.1,"(32.3, 34.0)",28.8,"(28.1, 29.5)",3.0,"( 2.8,  3.3)",2.6,"( 2.5,  2.8)",25.0,"(22.6, 27.4)",24.1,"(21.8, 26.5)",72.7,"(68.8, 76.0)",72.5,"(68.7, 76.0)",14.8,"(13.9, 15.8)",15.6,"(14.6, 16.6)",32.0,"(30.6, 33.3)",32.0,"(30.6, 33.3)",10.4,"( 9.4, 11.5)",9.7,"( 8.8, 10.6)",36.0,"(34.6, 37.3)",36.8,"(35.3, 38.1)",3.2,"( 2.9,  3.6)",2.7,"( 2.5,  3.1)",11.4,"( 7.5, 15.7)",12.1,"( 8.0, 17.0)",POINT (-76.7926343 40.4125646)
PA,Pennsylvania,Wyoming,42131,"26,557",10.4,"( 8.5, 12.6)",11.0,"( 8.9, 13.5)",31.0,"(29.4, 32.6)",24.6,"(23.3, 25.9)",17.6,"(16.8, 18.3)",20.6,"(19.7, 21.5)",35.4,"(33.8, 36.8)",29.2,"(27.8, 30.5)",79.2,"(78.0, 80.5)",56.8,"(55.5, 58.2)",8.2,"( 7.7,  8.7)",6.1,"( 5.8,  6.4)",9.9,"( 9.4, 10.5)",10.0,"( 9.5, 10.7)",82.0,"(79.3, 84.9)",82.7,"(80.1, 85.3)",8.3,"( 7.4,  9.1)",6.0,"( 5.5,  6.6)",79.4,"(78.4, 80.3)",76.3,"(75.1, 77.4)",86.7,"(85.5, 87.9)",83.8,"(82.2, 85.4)",75.9,"(73.0, 78.8)",73.2,"(69.9, 76.5)",8.6,"( 7.3,  9.9)",6.8,"( 5.9,  7.8)",39.4,"(31.4, 48.0)",39.4,"(31.0, 47.5)",35.9,"(28.1, 43.6)",35.5,"(27.9, 43.1)",18.6,"(15.8, 21.4)",20.0,"(16.7, 23.1)",65.5,"(61.9, 69.2)",64.6,"(60.7, 68.2)",21.8,"(20.6, 23.2)",22.9,"(21.6, 24.4)",11.7,"(10.7, 12.6)",8.9,"( 8.2,  9.6)",15,"(13.1, 17.1)",13.1,"(11.5, 14.9)",33.7,"(32.5, 35.0)",26.8,"(25.9, 27.8)",3.3,"( 3.0,  3.6)",2.5,"( 2.4,  2.7)",25.0,"(22.2, 27.8)",23.3,"(20.5, 25.9)",71.6,"(67.0, 76.4)",71.6,"(66.8, 76.5)",14.8,"(13.7, 15.9)",16.3,"(15.0, 17.6)",34.6,"(32.8, 36.4)",34.6,"(32.6, 36.6)",11.2,"(10.0, 12.4)",9.9,"( 8.9, 10.9)",33.3,"(31.6, 35.0)",34.6,"(32.7, 36.5)",3.5,"( 3.0,  3.9)",2.6,"( 2.3,  3.0)",11.8,"( 7.9, 16.2)",12.3,"( 8.0, 16.9)",POINT (-76.008731 41.5251726)
PA,Pennsylvania,Venango,42121,"50,328",10.8,"( 8.8, 13.0)",11.6,"( 9.3, 14.2)",33.2,"(31.6, 34.9)",25.4,"(24.1, 26.7)",17.1,"(16.3, 17.8)",20.9,"(19.9, 21.8)",38.1,"(36.5, 39.7)",30.6,"(29.2, 31.9)",80.5,"(79.3, 81.6)",57.7,"(56.3, 59.1)",8.6,"( 8.1,  9.1)",6.1,"( 5.7,  6.4)",10.3,"( 9.8, 10.9)",10.6,"(10.0, 11.2)",80.4,"(77.1, 83.5)",81.0,"(77.9, 83.9)",9.4,"( 8.4, 10.3)",6.5,"( 5.9,  7.1)",80.0,"(79.0, 80.9)",76.2,"(75.0, 77.5)",86.9,"(85.6, 88.1)",83.0,"(81.3, 84.7)",75.6,"(72.4, 78.6)",72.7,"(69.0, 76.1)",10.0,"( 8.5, 11.6)",7.7,"( 6.7,  8.9)",37.1,"(29.6, 46.2)",37.5,"(30.0, 46.5)",36.0,"(29.1, 43.9)",36.4,"(29.6, 44.3)",20.8,"(17.8, 23.9)",22.3,"(18.7, 25.8)",60.6,"(56.9, 64.4)",59.5,"(55.7, 63.7)",21.9,"(20.7, 23.3)",23.4,"(22.0, 24.9)",12.9,"(11.8, 13.9)",9.5,"( 8.8, 10.2)",17.4,"(15.0, 19.9)",14.8,"(13.0, 16.9)",37.0,"(35.8, 38.4)",28.8,"(27.9, 29.8)",3.6,"( 3.4,  4.0)",2.7,"( 2.5,  2.9)",27.1,"(23.8, 30.1)",24.9,"(22.0, 27.7)",70.1,"(65.0, 74.9)",69.9,"(64.4, 74.9)",15.2,"(14.1, 16.3)",17.0,"(15.7, 18.4)",35.5,"(33.6, 37.4)",35.4,"(33.4, 37.2)",12.6,"(11.3, 14.0)",10.9,"( 9.7, 12.0)",35.0,"(33.1, 36.8)",36.5,"(34.4, 38.3)",4.0,"( 3.5,  4.6)",2.9,"( 2.6,  3.3)",13.2,"( 8.7, 18.1)",14.1,"( 9.2, 19.3)",POINT (-79.7658126 41.4007143)
PA,Pennsylvania,Fulton,42057,"14,501",11.1,"( 9.2, 13.4)",11.7,"( 9.6, 14.3)",32.1,"(30.5, 33.7)",25.5,"(24.2, 26.7)",17.2,"(16.4, 18.0)",20.2,"(19.3, 21.2)",36.6,"(35.2, 38.0)",30.1,"(28.7, 31.3)",79.2,"(78.0, 80.3)",56.6,"(55.3, 57.9)",8.2,"( 7.8,  8.7)",6.1,"( 5.8,  6.4)",10.1,"( 9.6, 10.7)",10.3,"( 9.8, 11.0)",81.6,"(78.9, 84.3)",82.2,"(79.5, 84.7)",8.8,"( 7.9,  9.7)",6.4,"( 5.8,  7.0)",79.3,"(78.3, 80.4)",76.2,"(75.0, 77.4)",86.2,"(84.9, 87.4)",82.8,"(81.1, 84.6)",74.4,"(71.5, 77.3)",72.3,"(69.1, 75.7)",9.4,"( 8.0, 10.8)",7.5,"( 6.5,  8.6)",36.6,"(29.0, 45.0)",36.5,"(28.9, 44.8)",33.4,"(26.5, 40.5)",33.3,"(26.4, 40.4)",20.3,"(17.4, 23.3)",21.7,"(18.2, 25.1)",64.9,"(61.3, 68.7)",64.0,"(60.2, 68.2)",22.1,"(20.9, 23.4)",23.3,"(22.0, 24.8)",12.1,"(11.1, 13.1)",9.2,"( 8.5,  9.9)",16.3,"(14.2, 18.7)",14.2,"(12.4, 16.2)",36.2,"(35.0, 37.6)",28.8,"(27.8, 29.8)",3.4,"( 3.2,  3.7)",2.7,"( 2.5,  2.9)",25.6,"(22.8, 28.4)",23.8,"(21.1, 26.5)",71.5,"(66.8, 76.2)",71.7,"(66.7, 76.4)",15.3,"(14.2, 16.4)",16.9,"(15.7, 18.2)",36.0,"(34.2, 37.8)",35.9,"(33.9, 37.8)",12.1,"(10.9, 13.4)",10.7,"( 9.7, 11.8)",36.8,"(34.9, 38.4)",38.1,"(36.1, 39.9)",3.8,"( 3.3,  4.3)",2.9,"( 2.5,  3.2)",13.4,"( 9.3, 18.0)",14.0,"( 9.7, 19.0)",POINT (-78.1226171 39.9107505)
PA,Pennsylvania,Lehigh,42077,"370,802",14.0,"(12.0, 16.2)",14.5,"(12.4, 16.8)",26.4,"(25.1, 27.6)",23.2,"(22.1, 24.2)",17.2,"(16.7, 17.8)",18.6,"(18.0, 19.2)",30.9,"(29.9, 32.0)",29.3,"(28.2, 30.3)",75.0,"(74.0, 76.1)",56.8,"(55.9, 57.7)",6.7,"( 6.4,  7.1)",5.7,"( 5.4,  5.9)",10.0,"( 9.6, 10.5)",10.1,"( 9.7, 10.6)",83.6,"(81.6, 85.5)",84.1,"(82.2, 85.9)",7.0,"( 6.3,  7.7)",5.8,"( 5.3,  6.4)",78.9,"(78.2, 79.7)",77.5,"(76.6, 78.2)",85.8,"(84.5, 87.0)",85.2,"(84.0, 86.4)",76.1,"(73.7, 78.4)",74.4,"(71.8, 76.9)",7.0,"( 5.9,  8.2)",6.1,"( 5.2,  7.0)",41.1,"(33.3, 49.0)",41.5,"(33.8, 49.1)",34.1,"(27.4, 41.0)",34.5,"(28.0, 41.3)",16.7,"(14.5, 19.2)",17.3,"(14.9, 19.7)",65.8,"(62.7, 68.8)",65.3,"(62.4, 68.4)",20.5,"(19.5, 21.5)",20.8,"(19.9, 21.9)",11.6,"(10.8, 12.5)",10.2,"( 9.5, 10.9)",15.2,"(13.4, 17.0)",14.2,"(12.6, 15.9)",31.6,"(30.8, 32.5)",28.5,"(27.8, 29.1)",3.0,"( 2.8,  3.3)",2.7,"( 2.5,  2.9)",25.4,"(22.8, 27.9)",24.7,"(22.3, 27.2)",75.9,"(72.3, 79.2)",75.9,"(72.2, 79.2)",14.7,"(13.9, 15.7)",15.4,"(14.4, 16.3)",36.2,"(34.7, 37.6)",36.4,"(35.0, 37.9)",10.7,"( 9.6, 11.8)",10.0,"( 9.0, 11.0)",36.5,"(35.1, 38.0)",37.3,"(36.0, 38.8)",3.1,"( 2.7,  3.5)",2.6,"( 2.3,  3.0)",11.0,"( 7.1, 16.0)",11.7,"( 7.6, 16.7)",POINT (-75.5906269 40.6142409)
PA,Pennsylvania,Montgomery,42091,"833,869",8.6,"( 7.1, 10.5)",9.0,"( 7.4, 10.9)",26.4,"(25.1, 27.8)",22.3,"(21.2, 23.4)",16.3,"(15.8, 16.9)",18.1,"(17.5, 18.8)",30.1,"(29.0, 31.4)",26.5,"(25.6, 27.6)",77.4,"(76.4, 78.4)",57.0,"(56.0, 57.8)",7.3,"( 7.0,  7.7)",5.9,"( 5.7,  6.2)",8.9,"( 8.5,  9.3)",9.0,"( 8.6,  9.4)",84.5,"(82.2, 86.5)",84.7,"(82.5, 86.7)",6.1,"( 5.5,  6.8)",4.9,"( 4.4,  5.4)",78.7,"(78.0, 79.5)",76.8,"(75.9, 77.6)",88.6,"(87.5, 89.6)",87.0,"(85.8, 88.2)",79.1,"(76.7, 81.4)",77.6,"(75.0, 80.1)",5.6,"( 4.6,  6.7)",4.7,"( 4.0,  5.6)",40.2,"(32.7, 47.5)",40.7,"(33.4, 47.7)",44.5,"(37.5, 51.2)",45.2,"(38.3, 51.9)",12.9,"(10.5, 15.4)",13.4,"(10.8, 16.0)",71.7,"(68.3, 74.8)",71.2,"(67.8, 74.4)",19,"(18.0, 20.1)",19.6,"(18.5, 20.7)",9.6,"( 8.8, 10.4)",8.0,"( 7.5,  8.7)",10.9,"( 9.3, 12.7)",9.9,"( 8.5, 11.5)",31.4,"(30.6, 32.3)",26.8,"(26.1, 27.5)",2.7,"( 2.5,  2.9)",2.2,"( 2.1,  2.4)",19.0,"(16.7, 21.5)",18.1,"(15.9, 20.3)",77.1,"(73.2, 80.5)",76.9,"(73.0, 80.3)",12.9,"(11.9, 13.9)",13.7,"(12.7, 14.8)",28.1,"(26.8, 29.4)",28.0,"(26.7, 29.4)",8.5,"( 7.5,  9.6)",7.7,"( 6.8,  8.6)",31.5,"(30.1, 33.0)",32.3,"(30.8, 33.9)",2.6,"( 2.3,  3.0)",2.2,"( 1.9,  2.4)",7.5,"( 4.4, 11.6)",8.1,"( 4.9, 12.6)",POINT (-75.3702011 40.2099992)
PA,Pennsylvania,Blair,42013,"121,007",10.7,"( 8.5, 13.0)",11.2,"( 9.0, 13.6)",32.8,"(31.0, 34.6)",26.7,"(25.3, 28.2)",17.2,"(16.4, 18.0)",19.9,"(18.9, 20.8)",36.6,"(35.2, 38.0)",30.9,"(29.6, 32.2)",79.4,"(78.2, 80.4)",58.1,"(56.8, 59.4)",8.2,"( 7.8,  8.7)",6.2,"( 5.9,  6.6)",10.3,"( 9.8, 10.9)",10.5,"(10.0, 11.2)",81.8,"(78.9, 84.6)",82.3,"(79.5, 85.0)",8.4,"( 7.5,  9.3)",6.3,"( 5.6,  6.9)",79.3,"(78.2, 80.3)",76.5,"(75.2, 77.8)",86.1,"(84.7, 87.4)",83.4,"(81.8, 85.0)",75.7,"(72.6, 78.6)",73.3,"(69.8, 76.7)",9.0,"( 7.6, 10.6)",7.4,"( 6.3,  8.4)",40.2,"(32.3, 48.9)",40.6,"(32.8, 49.1)",34.7,"(27.7, 42.6)",35.3,"(28.3, 43.0)",19.1,"(15.9, 22.4)",20.4,"(16.7, 23.9)",62.0,"(57.8, 65.9)",61.2,"(56.7, 65.5)",22.3,"(21.1, 23.7)",23.4,"(22.0, 24.9)",11.9,"(10.9, 13.0)",9.4,"( 8.7, 10.2)",16,"(13.8, 18.5)",14.2,"(12.2, 16.4)",35.4,"(34.3, 36.5)",28.8,"(27.9, 29.8)",3.4,"( 3.1,  3.7)",2.7,"( 2.5,  2.9)",24.0,"(21.2, 26.9)",22.4,"(19.7, 25.2)",71.6,"(66.8, 76.3)",71.6,"(66.6, 76.4)",15.5,"(14.3, 16.7)",16.9,"(15.5, 18.2)",31.3,"(29.5, 33.1)",31.5,"(29.6, 33.3)",11.9,"(10.4, 13.2)",10.6,"( 9.4, 11.8)",35.3,"(33.5, 37.1)",36.5,"(34.6, 38.5)",3.6,"( 3.1,  4.2)",2.8,"( 2.5,  3.2)",11.8,"( 7.9, 16.4)",12.7,"( 8.4, 17.7)",POINT (-78.309597 40.4986828)
PA,Pennsylvania,Clinton,42035,"37,957",11.4,"( 9.3, 13.9)",11.9,"( 9.7, 14.3)",30.4,"(29.0, 32.0)",26.8,"(25.5, 28.2)",18.5,"(17.7, 19.4)",20.4,"(19.4, 21.3)",34.9,"(33.5, 36.3)",31.9,"(30.6, 33.3)",77.4,"(76.1, 78.6)",57.6,"(56.2, 59.0)",7.4,"( 7.0,  7.9)",6.1,"( 5.8,  6.4)",10.5,"( 9.9, 11.1)",10.5,"( 9.9, 11.2)",79.5,"(76.3, 82.9)",82.1,"(79.4, 85.0)",8.1,"( 7.3,  8.9)",6.5,"( 5.9,  7.2)",78.7,"(77.4, 79.8)",76.7,"(75.4, 77.9)",83.9,"(82.3, 85.7)",83.1,"(81.5, 84.8)",75.0,"(72.1, 77.9)",72.6,"(69.1, 75.9)",8.9,"( 7.6, 10.3)",7.8,"( 6.6,  9.0)",39.6,"(30.9, 48.1)",39.9,"(30.7, 48.6)",33.3,"(26.4, 40.4)",33.6,"(26.9, 40.7)",20.2,"(17.2, 23.2)",22.3,"(18.7, 25.6)",61.6,"(57.5, 65.8)",60.6,"(56.5, 64.9)",22.6,"(21.3, 24.1)",23.3,"(21.9, 24.7)",11.3,"(10.4, 12.3)",9.7,"( 8.9, 10.5)",16,"(13.9, 18.4)",15,"(12.9, 17.1)",33.7,"(32.5, 34.9)",29.0,"(28.1, 30.1)",3.2,"( 3.0,  3.5)",2.8,"( 2.6,  3.0)",26.2,"(23.0, 29.1)",25.4,"(22.4, 28.0)",71.8,"(67.2, 76.2)",71.8,"(66.6, 76.4)",16.3,"(15.0, 17.5)",17.1,"(15.7, 18.3)",34.1,"(32.2, 35.9)",35.4,"(33.4, 37.3)",11.7,"(10.4, 12.9)",11.0,"( 9.8, 12.2)",34.0,"(32.2, 35.7)",35.6,"(33.6, 37.4)",3.5,"( 3.1,  4.0)",3.0,"( 2.6,  3.4)",14.1,"( 9.4, 18.8)",15.1,"(10.0, 20.2)",POINT (-77.629009 41.2395075)
PA,Pennsylvania,Perry,42099,"46,212",11.2,"( 9.1, 13.5)",11.8,"( 9.6, 14.3)",31.0,"(29.3, 32.5)",25.4,"(24.1, 26.7)",18.0,"(17.2, 18.8)",20.5,"(19.6, 21.4)",35.3,"(33.8, 36.7)",30.2,"(28.9, 31.4)",77.4,"(76.1, 78.7)",56.2,"(54.7, 57.5)",7.8,"( 7.4,  8.2)",6.1,"( 5.8,  6.5)",10.1,"( 9.6, 10.8)",10.2,"( 9.7, 10.9)",82.0,"(79.4, 84.9)",82.3,"(79.8, 85.0)",7.9,"( 7.1,  8.8)",6.1,"( 5.5,  6.7)",77.6,"(76.5, 78.8)",75.0,"(73.6, 76.3)",85.6,"(84.2, 87.0)",82.9,"(81.2, 84.7)",75.0,"(71.9, 77.8)",73.0,"(69.7, 76.2)",8.7,"( 7.4, 10.2)",7.1,"( 6.2,  8.2)",39.4,"(30.5, 48.6)",39.7,"(30.9, 48.4)",36.7,"(28.9, 44.8)",36.5,"(28.8, 44.2)",20.0,"(17.0, 23.2)",20.7,"(17.5, 24.1)",63.6,"(59.5, 67.6)",63.0,"(58.8, 66.9)",22.3,"(21.0, 23.8)",23.1,"(21.8, 24.7)",11.3,"(10.3, 12.3)",9.0,"( 8.3,  9.7)",15.4,"(13.2, 17.9)",13.7,"(11.8, 15.9)",34.7,"(33.5, 35.9)",28.3,"(27.2, 29.2)",3.1,"( 2.9,  3.4)",2.6,"( 2.4,  2.8)",25.3,"(22.4, 28.3)",23.8,"(21.1, 26.6)",71.8,"(67.1, 76.4)",71.6,"(66.6, 76.3)",15.3,"(14.1, 16.4)",16.5,"(15.3, 17.9)",34.1,"(32.4, 35.9)",33.6,"(31.7, 35.4)",11.5,"(10.3, 12.9)",10.3,"( 9.3, 11.4)",35.4,"(33.7, 37.1)",36.2,"(34.4, 38.0)",3.4,"( 2.9,  3.9)",2.7,"( 2.4,  3.1)",12.8,"( 8.2, 18.2)",13.4,"( 8.7, 18.9)",POINT (-77.2663284 40.3977795)
PA,Pennsylvania,Centre,42027,"161,496",9.8,"( 7.8, 12.2)",9.9,"( 8.1, 12.2)",23.3,"(22.1, 24.5)",24.6,"(23.3, 26.0)",19.8,"(18.9, 20.8)",19.6,"(18.9, 20.5)",27.3,"(26.1, 28.5)",29.6,"(28.2, 30.8)",72.9,"(71.4, 74.4)",57.6,"(56.4, 58.7)",5.9,"( 5.5,  6.2)",6.0,"( 5.7,  6.3)",10.2,"( 9.6, 10.8)",10.1,"( 9.6, 10.6)",79.7,"(76.3, 82.7)",83.0,"(80.3, 85.3)",5.9,"( 5.3,  6.5)",6.0,"( 5.4,  6.6)",77.0,"(75.7, 78.2)",77.0,"(75.9, 78.0)",82.1,"(79.8, 84.0)",84.5,"(83.0, 85.8)",76.5,"(73.5, 79.1)",74.7,"(71.5, 77.7)",6.2,"( 5.2,  7.2)",6.4,"( 5.3,  7.4)",46.5,"(37.8, 54.7)",47.1,"(38.6, 55.0)",37.9,"(30.2, 45.4)",38.3,"(30.9, 45.7)",15.2,"(12.4, 18.0)",17.2,"(14.0, 20.6)",67.4,"(63.5, 71.3)",66.5,"(62.6, 70.1)",20.7,"(19.4, 22.2)",20.6,"(19.4, 21.8)",8.7,"( 8.0,  9.4)",9.2,"( 8.5, 10.0)",12.2,"(10.5, 13.9)",12.7,"(11.0, 14.6)",28.2,"(27.3, 29.2)",28.1,"(27.2, 29.0)",2.5,"( 2.3,  2.7)",2.6,"( 2.4,  2.8)",20.1,"(17.7, 22.6)",20.9,"(18.4, 23.5)",75.1,"(70.5, 79.4)",75.0,"(70.0, 79.3)",15.6,"(14.1, 17.0)",15.2,"(14.0, 16.4)",28.6,"(26.9, 30.2)",31.2,"(29.5, 32.9)",9.0,"( 7.9, 10.1)",9.5,"( 8.4, 10.7)",33.5,"(31.5, 35.4)",35.0,"(33.2, 36.9)",2.5,"( 2.2,  2.9)",2.6,"( 2.3,  3.0)",10.6,"( 6.3, 15.5)",11.3,"( 6.9, 16.8)",POINT (-77.8478769 40.9091275)
PA,Pennsylvania,Mercer,42085,"108,545",10.8,"( 8.9, 13.2)",11.5,"( 9.3, 14.0)",33.5,"(31.9, 35.0)",27.0,"(25.5, 28.2)",16.6,"(15.9, 17.3)",19.6,"(18.7, 20.4)",35.8,"(34.2, 37.3)",29.9,"(28.5, 31.2)",79.4,"(78.2, 80.5)",57.4,"(56.2, 58.7)",8.3,"( 7.9,  8.8)",6.1,"( 5.8,  6.4)",10.3,"( 9.8, 10.9)",10.5,"(10.0, 11.1)",81.6,"(79.0, 84.4)",82.6,"(80.1, 85.3)",8.9,"( 8.0,  9.8)",6.5,"( 5.8,  7.1)",80.8,"(79.9, 81.7)",77.9,"(76.8, 79.0)",85.8,"(84.5, 87.2)",83.1,"(81.5, 84.7)",76.6,"(73.9, 79.4)",74.2,"(71.1, 77.5)",9.2,"( 7.8, 10.6)",7.4,"( 6.3,  8.4)",41.5,"(33.0, 50.5)",42.0,"(33.8, 50.9)",33.4,"(26.7, 40.9)",34.1,"(27.3, 41.6)",19.4,"(16.4, 22.3)",21.2,"(17.8, 24.5)",62.3,"(58.0, 66.0)",61.2,"(56.9, 65.1)",22.2,"(20.9, 23.4)",23.3,"(22.0, 24.7)",11.8,"(10.9, 12.8)",9.2,"( 8.5,  9.9)",16.5,"(14.1, 18.8)",14.6,"(12.6, 16.6)",34.7,"(33.5, 35.9)",27.8,"(26.9, 28.8)",3.5,"( 3.2,  3.8)",2.7,"( 2.5,  2.9)",25.4,"(22.6, 28.2)",23.7,"(20.9, 26.4)",72.0,"(67.3, 76.7)",72.0,"(66.8, 76.8)",15.2,"(14.1, 16.3)",16.6,"(15.3, 17.9)",33.0,"(31.2, 34.5)",33.5,"(31.7, 35.1)",12.1,"(10.8, 13.5)",10.8,"( 9.7, 11.9)",35.5,"(33.7, 37.1)",37.1,"(35.2, 38.8)",3.9,"( 3.4,  4.4)",2.9,"( 2.6,  3.3)",13.0,"( 8.7, 18.1)",14.1,"( 9.3, 19.3)",POINT (-80.2527863 41.3000142)
PA,Pennsylvania,Susquehanna,42115,"40,006",10.7,"( 8.8, 13.0)",11.6,"( 9.5, 14.0)",33.6,"(31.9, 35.1)",25.3,"(24.0, 26.5)",16.5,"(15.8, 17.3)",20.4,"(19.5, 21.4)",37.8,"(36.2, 39.3)",29.7,"(28.3, 31.0)",80.8,"(79.7, 81.9)",57.2,"(55.7, 58.6)",8.8,"( 8.3,  9.3)",6.1,"( 5.8,  6.4)",10.1,"( 9.6, 10.7)",10.4,"( 9.8, 11.0)",81.7,"(78.9, 84.5)",82.3,"(79.6, 85.1)",9.3,"( 8.4, 10.3)",6.3,"( 5.7,  6.9)",79.9,"(78.8, 80.9)",76.0,"(74.8, 77.2)",87.0,"(85.8, 88.3)",83.0,"(81.2, 84.7)",75.0,"(71.9, 77.9)",72.0,"(68.6, 75.4)",9.8,"( 8.3, 11.2)",7.4,"( 6.4,  8.4)",38.8,"(30.7, 47.3)",39.1,"(31.2, 47.7)",32.2,"(25.4, 39.1)",32.2,"(25.5, 39.2)",19.4,"(16.3, 22.3)",21.0,"(17.6, 24.2)",62.4,"(58.5, 66.3)",61.3,"(57.4, 65.4)",22,"(20.8, 23.3)",23.6,"(22.2, 25.0)",12.8,"(11.8, 13.8)",9.3,"( 8.6,  9.9)",16.7,"(14.5, 19.0)",14.1,"(12.2, 16.0)",37.0,"(35.8, 38.4)",28.4,"(27.4, 29.4)",3.6,"( 3.3,  3.9)",2.7,"( 2.5,  2.9)",26.6,"(23.5, 29.5)",24.3,"(21.4, 26.8)",69.6,"(64.2, 74.5)",69.6,"(64.1, 74.5)",14.7,"(13.6, 15.7)",16.6,"(15.3, 17.9)",35.1,"(33.2, 36.9)",34.9,"(33.0, 36.8)",12.4,"(11.1, 13.7)",10.6,"( 9.5, 11.6)",34.6,"(32.8, 36.1)",36.1,"(34.2, 37.9)",4.0,"( 3.4,  4.5)",2.8,"( 2.5,  3.2)",12.8,"( 8.5, 17.5)",13.6,"( 8.9, 18.6)",POINT (-75.8009686 41.8196651)
PA,Pennsylvania,Cambria,42021,"128,672",10.4,"( 8.5, 12.6)",11.1,"( 9.0, 13.3)",32.5,"(30.9, 34.0)",25.7,"(24.3, 27.0)",16.9,"(16.2, 17.7)",20.1,"(19.2, 21.0)",36.9,"(35.4, 38.3)",30.4,"(29.1, 31.7)",80.2,"(79.0, 81.3)",58.0,"(56.8, 59.3)",8.4,"( 7.9,  8.9)",6.1,"( 5.8,  6.4)",10.2,"( 9.6, 10.7)",10.4,"( 9.8, 11.0)",82.0,"(79.2, 84.8)",82.9,"(80.2, 85.3)",8.7,"( 7.9,  9.7)",6.2,"( 5.7,  6.8)",77.8,"(76.8, 78.8)",74.3,"(73.1, 75.5)",86.5,"(85.3, 87.8)",83.6,"(82.1, 85.2)",76.7,"(73.7, 79.5)",73.9,"(70.5, 77.4)",9.2,"( 7.8, 10.6)",7.3,"( 6.3,  8.4)",35.6,"(28.0, 44.8)",36.0,"(28.5, 44.9)",32.3,"(25.1, 39.9)",32.9,"(25.7, 40.9)",19.0,"(16.1, 21.9)",20.8,"(17.2, 24.1)",63.2,"(59.4, 66.9)",62.1,"(58.0, 65.9)",22,"(20.8, 23.3)",23.3,"(21.9, 24.8)",12.3,"(11.3, 13.2)",9.4,"( 8.7, 10.1)",16.5,"(14.4, 18.7)",14.4,"(12.6, 16.5)",35.0,"(33.8, 36.1)",27.8,"(26.9, 28.7)",3.5,"( 3.2,  3.8)",2.7,"( 2.5,  2.9)",25.7,"(22.8, 28.5)",23.9,"(21.2, 26.8)",70.4,"(65.6, 74.8)",70.4,"(65.4, 74.9)",15.2,"(14.0, 16.3)",16.7,"(15.4, 18.1)",32.7,"(31.0, 34.5)",33.2,"(31.2, 35.0)",12.1,"(10.8, 13.4)",10.6,"( 9.6, 11.8)",35.6,"(33.8, 37.4)",37.3,"(35.2, 39.2)",3.8,"( 3.3,  4.3)",2.8,"( 2.5,  3.2)",12.3,"( 8.2, 17.3)",13.3,"( 8.7, 18.3)",POINT (-78.7104774 40.5102268)
PA,Pennsylvania,Cumberland,42041,"255,857",9.8,"( 8.0, 11.9)",10.1,"( 8.3, 12.3)",26.5,"(25.1, 28.0)",22.8,"(21.5, 24.0)",18.3,"(17.6, 19.0)",20.1,"(19.4, 21.0)",32.0,"(30.6, 33.3)",28.7,"(27.4, 29.9)",76.8,"(75.6, 77.9)",57.0,"(55.8, 58.1)",7.5,"( 7.1,  7.9)",6.1,"( 5.8,  6.4)",9.4,"( 8.9,  9.9)",9.5,"( 9.0, 10.0)",83.5,"(81.1, 86.1)",84.0,"(81.6, 86.3)",6.5,"( 5.8,  7.3)",5.3,"( 4.8,  5.9)",78.3,"(77.3, 79.2)",76.4,"(75.4, 77.5)",86.6,"(85.2, 87.9)",85.3,"(83.8, 86.8)",78.9,"(76.0, 81.3)",77.0,"(73.7, 79.9)",6.5,"( 5.4,  7.7)",5.6,"( 4.7,  6.5)",37.9,"(29.7, 45.8)",38.2,"(30.0, 46.0)",38.3,"(30.4, 46.2)",38.7,"(30.8, 46.4)",15.4,"(12.5, 18.2)",16.2,"(13.1, 19.1)",69.6,"(66.2, 73.1)",69.1,"(65.5, 72.6)",20.4,"(19.2, 21.6)",20.9,"(19.7, 22.2)",9.8,"( 8.9, 10.6)",8.3,"( 7.7,  9.1)",12.3,"(10.5, 14.3)",11.3,"( 9.6, 13.1)",31.4,"(30.5, 32.4)",27.0,"(26.2, 27.8)",2.8,"( 2.6,  3.0)",2.4,"( 2.2,  2.5)",20.5,"(17.9, 23.0)",19.7,"(17.1, 22.1)",76.5,"(72.3, 80.4)",76.5,"(72.1, 80.7)",14.2,"(13.0, 15.3)",15.0,"(13.7, 16.2)",31.9,"(30.2, 33.6)",32.1,"(30.4, 33.8)",9.3,"( 8.3, 10.6)",8.7,"( 7.7,  9.7)",34.7,"(32.9, 36.4)",35.7,"(33.8, 37.5)",2.8,"( 2.4,  3.2)",2.3,"( 2.0,  2.6)",9.2,"( 5.7, 13.3)",9.9,"( 6.0, 14.4)",POINT (-77.2634419 40.1648047)
PA,Pennsylvania,Fayette,42051,"128,126",11.5,"( 9.3, 13.6)",12.1,"( 9.9, 14.4)",32.0,"(30.4, 33.5)",25.6,"(24.4, 26.9)",17.3,"(16.6, 18.0)",20.2,"(19.3, 21.1)",36.4,"(34.9, 37.8)",30.4,"(29.1, 31.6)",79.5,"(78.4, 80.6)",58.1,"(56.8, 59.4)",8.1,"( 7.7,  8.6)",6.1,"( 5.8,  6.4)",10.3,"( 9.8, 11.0)",10.5,"(10.0, 11.1)",80.7,"(77.8, 83.4)",81.4,"(78.5, 84.0)",9.1,"( 8.2, 10.0)",6.7,"( 6.1,  7.3)",79.9,"(78.9, 80.8)",77.0,"(75.8, 78.1)",85.7,"(84.3, 87.0)",82.7,"(80.9, 84.3)",73.2,"(70.2, 76.0)",70.7,"(67.5, 73.8)",10.2,"( 8.7, 11.8)",8.2,"( 7.1,  9.4)",40.0,"(31.8, 48.9)",40.5,"(32.3, 49.4)",30.8,"(24.7, 37.6)",31.2,"(25.1, 38.0)",22.1,"(18.9, 25.2)",23.4,"(20.0, 26.8)",60.5,"(56.8, 64.0)",59.8,"(56.0, 63.5)",22,"(20.7, 23.2)",23,"(21.7, 24.4)",13.0,"(11.9, 14.1)",10.1,"( 9.4, 10.9)",17.9,"(15.6, 20.3)",15.7,"(13.9, 17.7)",35.2,"(34.1, 36.4)",28.2,"(27.3, 29.1)",3.6,"( 3.4,  4.0)",2.9,"( 2.6,  3.1)",27.6,"(24.7, 30.5)",25.8,"(23.0, 28.5)",71.1,"(66.6, 75.4)",71.0,"(66.2, 75.6)",15.7,"(14.5, 16.7)",17.2,"(15.9, 18.4)",34.6,"(32.8, 36.4)",34.5,"(32.7, 36.2)",12.8,"(11.5, 14.2)",11.3,"(10.2, 12.5)",37.6,"(35.9, 39.3)",38.9,"(37.0, 40.6)",4.1,"( 3.6,  4.6)",3.1,"( 2.8,  3.5)",14.6,"( 9.9, 19.5)",15.5,"(10.5, 20.9)",POINT (-79.6401194 39.9189072)
PA,Pennsylvania,Potter,42105,"16,453",11.3,"( 9.3, 13.6)",12.1,"( 9.9, 14.6)",34.6,"(32.9, 36.1)",26.2,"(24.8, 27.4)",16.5,"(15.7, 17.2)",20.4,"(19.4, 21.3)",38.9,"(37.4, 40.4)",30.8,"(29.4, 32.0)",80.6,"(79.5, 81.7)",57.1,"(55.8, 58.5)",8.9,"( 8.4,  9.4)",6.1,"( 5.8,  6.4)",10.3,"( 9.8, 10.9)",10.6,"(10.0, 11.2)",80.7,"(77.9, 83.3)",81.4,"(78.9, 83.8)",9.8,"( 8.9, 10.7)",6.6,"( 6.0,  7.2)",79.3,"(78.3, 80.2)",75.2,"(74.0, 76.5)",86.5,"(85.2, 87.8)",82.4,"(80.5, 84.1)",75.0,"(71.9, 77.9)",71.9,"(68.5, 75.1)",10.4,"( 8.9, 11.9)",7.9,"( 6.9,  9.0)",37.1,"(29.1, 45.2)",37.3,"(29.3, 45.3)",34.1,"(27.1, 41.9)",34.5,"(27.2, 42.2)",20.6,"(17.6, 23.4)",22.5,"(19.1, 25.5)",61.1,"(57.3, 64.7)",60.0,"(56.2, 63.8)",22.1,"(20.9, 23.4)",23.7,"(22.3, 25.1)",13.4,"(12.4, 14.5)",9.8,"( 9.1, 10.5)",17.8,"(15.6, 20.4)",15.1,"(13.3, 17.1)",37.1,"(35.9, 38.4)",28.5,"(27.5, 29.5)",3.8,"( 3.5,  4.1)",2.8,"( 2.6,  3.0)",27.3,"(24.5, 30.0)",24.9,"(22.4, 27.3)",71.2,"(66.2, 75.7)",71.5,"(66.8, 76.0)",15.1,"(14.1, 16.1)",17.1,"(15.9, 18.3)",36.3,"(34.4, 38.1)",36.4,"(34.5, 38.3)",13.0,"(11.7, 14.3)",11.2,"(10.1, 12.3)",33.9,"(32.2, 35.5)",35.6,"(33.8, 37.3)",4.2,"( 3.7,  4.8)",3.0,"( 2.7,  3.3)",13.5,"( 9.1, 18.5)",14.4,"( 9.5, 19.8)",POINT (-77.8944358 41.7485866)
