Site Name,Site Score,Site EPA ID,SEMS ID,Region ID,State,City,County,Status,Latitude,Longitude,Proposed Date,Listing Date,Construction Completion Date,Construction Completion Number,NOID Date,Deletion Date,Site Listing Narrative,Site Progress Profile,Proposed FR Notice,Listing FR Notice,NOID FR Notice,Deletion FR Notice,Restoration FR Notice Jumper Page,Site has had a Partial Deletion,x,y
Blosenski Landfill,30.57,PAD980539985,301376,3,Pennsylvania,West Caln Township,Chester,NPL Site,40.02,-75.91055,12/30/1982,9/8/1983,9/18/1998,538,,,"<a href=""https://semspub.epa.gov/src/document/03/900289"" target=""_blank"">PAD980539985 (PDF)</a>","<a href=""https://cumulis.epa.gov/supercpad/cursites/csitinfo.cfm?id=0301376"" target=""_blank"">Blosenski Landfill</a>","<a href=""https://semspub.epa.gov/src/document/11/189619"" target=""_blank"">12/30/1982 (PDF)</a>","<a href=""https://semspub.epa.gov/src/document/11/189620"" target=""_blank"">09/08/1983 (PDF)</a>",,,,No,-8450323.772,4868849.051
Brodhead Creek,31.09,PAD980691760,301433,3,Pennsylvania,Stroudsburg,Monroe,Deleted NPL Site,40.989719,-75.186669,12/30/1982,9/8/1983,9/30/1997,485,5/22/2001,7/23/2001,"<a href=""https://semspub.epa.gov/src/document/03/900290"" target=""_blank"">PAD980691760 (PDF)</a>","<a href=""https://cumulis.epa.gov/supercpad/cursites/csitinfo.cfm?id=0301433"" target=""_blank"">Brodhead Creek</a>","<a href=""https://semspub.epa.gov/src/document/11/189619"" target=""_blank"">12/30/1982 (PDF)</a>","<a href=""https://semspub.epa.gov/src/document/11/189620"" target=""_blank"">09/08/1983 (PDF)</a>","<a href=""http://www.gpo.gov/fdsys/pkg/FR-2001-05-22/pdf/01-12706.pdf"" target=""_blank"">05/22/2001 (PDF)</a>","<a href=""http://www.gpo.gov/fdsys/pkg/FR-2001-05-22/pdf/01-12707.pdf"" target=""_blank"">07/23/2001 (PDF)</a>",,No,-8369741.708,5010825.337
Bruin Lagoon,73.11,PAD980712855,301546,3,Pennsylvania,Bruin Borough,Butler,Deleted NPL Site,41.051111,-79.725,12/30/1982,9/8/1983,3/27/1992,77,7/17/1997,9/18/1997,"<a href=""https://semspub.epa.gov/src/document/03/900291"" target=""_blank"">PAD980712855 (PDF)</a>","<a href=""https://cumulis.epa.gov/supercpad/cursites/csitinfo.cfm?id=0301546"" target=""_blank"">Bruin Lagoon</a>","<a href=""https://semspub.epa.gov/src/document/11/189619"" target=""_blank"">12/30/1982 (PDF)</a>","<a href=""https://semspub.epa.gov/src/document/11/189620"" target=""_blank"">09/08/1983 (PDF)</a>","<a href=""http://www.gpo.gov/fdsys/pkg/FR-1997-07-17/pdf/97-18405.pdf"" target=""_blank"">07/17/1997 (PDF)</a>","<a href=""http://www.gpo.gov/fdsys/pkg/FR-1997-09-18/pdf/97-24546.pdf"" target=""_blank"">09/18/1997 (PDF)</a>",,No,-8874946.403,5019883.45
Centre County Kepone,45.09,PAD000436261,300444,3,Pennsylvania,State College Borough,Centre,NPL Site,40.823611,-77.808331,12/30/1982,9/8/1983,9/4/2016,1184,,,"<a href=""https://semspub.epa.gov/src/document/03/900292"" target=""_blank"">PAD000436261 (PDF)</a>","<a href=""https://cumulis.epa.gov/supercpad/cursites/csitinfo.cfm?id=0300444"" target=""_blank"">Centre County Kepone</a>","<a href=""https://semspub.epa.gov/src/document/11/189619"" target=""_blank"">12/30/1982 (PDF)</a>","<a href=""https://semspub.epa.gov/src/document/11/189620"" target=""_blank"">09/08/1983 (PDF)</a>",,,,"<a href=""https://www.epa.gov/superfund/partially-deleted-national-priorities-list-npl-sites-site-name"" target=""_blank"">Yes</a>",-8661583.786,4986359.037
Craig Farm Drum,28.72,PAD980508527,301212,3,Pennsylvania,Parker,Armstrong,Deleted NPL Site,41.0446,-79.6825,12/30/1982,9/8/1983,12/27/1995,347,7/30/2013,9/30/2013,"<a href=""https://semspub.epa.gov/src/document/03/900293"" target=""_blank"">PAD980508527 (PDF)</a>","<a href=""https://cumulis.epa.gov/supercpad/cursites/csitinfo.cfm?id=0301212"" target=""_blank"">Craig Farm Drum</a>","<a href=""https://semspub.epa.gov/src/document/11/189619"" target=""_blank"">12/30/1982 (PDF)</a>","<a href=""https://semspub.epa.gov/src/document/11/189620"" target=""_blank"">09/08/1983 (PDF)</a>","<a href=""http://www.gpo.gov/fdsys/pkg/FR-2013-07-30/pdf/2013-18190.pdf"" target=""_blank"">07/30/2013 (PDF)</a>","<a href=""http://www.gpo.gov/fdsys/pkg/FR-2013-07-30/pdf/2013-18189.pdf"" target=""_blank"">09/30/2013 (PDF)</a>",,No,-8870215.325,5018922.381
Douglassville Disposal,55.18,PAD002384865,300614,3,Pennsylvania,Douglassville,Berks,NPL Site,40.2575,-75.735281,12/30/1982,9/8/1983,7/17/2002,816,,,"<a href=""https://semspub.epa.gov/src/document/03/900294"" target=""_blank"">PAD002384865 (PDF)</a>","<a href=""https://cumulis.epa.gov/supercpad/cursites/csitinfo.cfm?id=0300614"" target=""_blank"">Douglassville Disposal</a>","<a href=""https://semspub.epa.gov/src/document/11/189619"" target=""_blank"">12/30/1982 (PDF)</a>","<a href=""https://semspub.epa.gov/src/document/11/189620"" target=""_blank"">09/08/1983 (PDF)</a>",,,,No,-8430812.916,4903432.338
Drake Chemical,38.52,PAD003058047,300701,3,Pennsylvania,Lock Haven,Clinton,NPL Site,41.129169,-77.443611,12/30/1982,9/8/1983,9/29/2000,754,,,"<a href=""https://semspub.epa.gov/src/document/03/900295"" target=""_blank"">PAD003058047 (PDF)</a>","<a href=""https://cumulis.epa.gov/supercpad/cursites/csitinfo.cfm?id=0300701"" target=""_blank"">Drake Chemical</a>","<a href=""https://semspub.epa.gov/src/document/11/189619"" target=""_blank"">12/30/1982 (PDF)</a>","<a href=""https://semspub.epa.gov/src/document/11/189620"" target=""_blank"">09/08/1983 (PDF)</a>",,,,No,-8620983.342,5031412.771
Enterprise Avenue,40.8,PAD980552913,301408,3,Pennsylvania,Philadelphia,Philadelphia,Deleted NPL Site,39.885,-75.2125,12/30/1982,9/8/1983,3/7/1986,14,12/31/1985,3/7/1986,"<a href=""https://semspub.epa.gov/src/document/03/900296"" target=""_blank"">PAD980552913 (PDF)</a>","<a href=""https://cumulis.epa.gov/supercpad/cursites/csitinfo.cfm?id=0301408"" target=""_blank"">Enterprise Avenue</a>","<a href=""https://semspub.epa.gov/src/document/11/189619"" target=""_blank"">12/30/1982 (PDF)</a>","<a href=""https://semspub.epa.gov/src/document/11/189620"" target=""_blank"">09/08/1983 (PDF)</a>","<a href=""https://semspub.epa.gov/src/document/02/363201"" target=""_blank"">12/31/1985 (PDF)</a>","<a href=""https://semspub.epa.gov/src/document/11/189621"" target=""_blank"">03/07/1986 (PDF)</a>",,No,-8372617.201,4849244.839
Fischer & Porter Co.,29.07,PAD002345817,300585,3,Pennsylvania,Warminster,Bucks,NPL Site,40.183889,-75.0925,12/30/1982,9/8/1983,9/28/1998,583,,,"<a href=""https://semspub.epa.gov/src/document/03/900297"" target=""_blank"">PAD002345817 (PDF)</a>","<a href=""https://cumulis.epa.gov/supercpad/cursites/csitinfo.cfm?id=0300585"" target=""_blank"">Fischer & Porter Co.</a>","<a href=""https://semspub.epa.gov/src/document/11/189619"" target=""_blank"">12/30/1982 (PDF)</a>","<a href=""https://semspub.epa.gov/src/document/11/189620"" target=""_blank"">09/08/1983 (PDF)</a>",,,,No,-8359258.862,4892700.621
Havertown PCP,38.34,PAD002338010,300574,3,Pennsylvania,Haverford,Delaware,NPL Site,39.982781,-75.318611,12/30/1982,9/8/1983,9/16/2010,1090,,,"<a href=""https://semspub.epa.gov/src/document/03/900298"" target=""_blank"">PAD002338010 (PDF)</a>","<a href=""https://cumulis.epa.gov/supercpad/cursites/csitinfo.cfm?id=0300574"" target=""_blank"">Havertown PCP</a>","<a href=""https://semspub.epa.gov/src/document/11/189619"" target=""_blank"">12/30/1982 (PDF)</a>","<a href=""https://semspub.epa.gov/src/document/11/189620"" target=""_blank"">09/08/1983 (PDF)</a>",,,,No,-8384429.424,4863440.377
Heleva Landfill,50.23,PAD980537716,301249,3,Pennsylvania,North Whitehall Township,Lehigh,NPL Site,40.670831,-75.5625,12/30/1982,9/8/1983,3/23/1999,596,,,"<a href=""https://semspub.epa.gov/src/document/03/900299"" target=""_blank"">PAD980537716 (PDF)</a>","<a href=""https://cumulis.epa.gov/supercpad/cursites/csitinfo.cfm?id=0301249"" target=""_blank"">Heleva Landfill</a>","<a href=""https://semspub.epa.gov/src/document/11/189619"" target=""_blank"">12/30/1982 (PDF)</a>","<a href=""https://semspub.epa.gov/src/document/11/189620"" target=""_blank"">09/08/1983 (PDF)</a>",,,,No,-8411579.023,4963909.882
Hranica Landfill,51.94,PAD980508618,301218,3,Pennsylvania,Buffalo Township,Butler,Deleted NPL Site,40.677219,-79.749439,12/30/1982,9/8/1983,5/26/1994,237,6/19/1997,9/18/1997,"<a href=""https://semspub.epa.gov/src/document/03/900300"" target=""_blank"">PAD980508618 (PDF)</a>","<a href=""https://cumulis.epa.gov/supercpad/cursites/csitinfo.cfm?id=0301218"" target=""_blank"">Hranica Landfill</a>","<a href=""https://semspub.epa.gov/src/document/11/189619"" target=""_blank"">12/30/1982 (PDF)</a>","<a href=""https://semspub.epa.gov/src/document/11/189620"" target=""_blank"">09/08/1983 (PDF)</a>","<a href=""http://www.gpo.gov/fdsys/pkg/FR-1997-06-19/pdf/97-15854.pdf"" target=""_blank"">06/19/1997 (PDF)</a>","<a href=""http://www.gpo.gov/fdsys/pkg/FR-1997-09-18/pdf/97-24547.pdf"" target=""_blank"">09/18/1997 (PDF)</a>",,No,-8877666.941,4964847.489
Kimberton,29.44,PAD980691703,301432,3,Pennsylvania,Kimberton Borough,Chester,NPL Site,40.12695,-75.575,12/30/1982,9/8/1983,9/22/1993,189,,,"<a href=""https://semspub.epa.gov/src/document/03/900301"" target=""_blank"">PAD980691703 (PDF)</a>","<a href=""https://cumulis.epa.gov/supercpad/cursites/csitinfo.cfm?id=0301432"" target=""_blank"">Kimberton</a>","<a href=""https://semspub.epa.gov/src/document/11/189619"" target=""_blank"">12/30/1982 (PDF)</a>","<a href=""https://semspub.epa.gov/src/document/11/189620"" target=""_blank"">09/08/1983 (PDF)</a>",,,,No,-8412970.517,4884407.493
Lackawanna Refuse,36.57,PAD980508667,301220,3,Pennsylvania,Old Forge Borough,Lackawanna,Deleted NPL Site,41.37305,-75.755281,12/30/1982,9/8/1983,3/28/1994,232,8/19/1999,9/28/1999,"<a href=""https://semspub.epa.gov/src/document/03/900302"" target=""_blank"">PAD980508667 (PDF)</a>","<a href=""https://cumulis.epa.gov/supercpad/cursites/csitinfo.cfm?id=0301220"" target=""_blank"">Lackawanna Refuse</a>","<a href=""https://semspub.epa.gov/src/document/11/189619"" target=""_blank"">12/30/1982 (PDF)</a>","<a href=""https://semspub.epa.gov/src/document/11/189620"" target=""_blank"">09/08/1983 (PDF)</a>","<a href=""http://www.gpo.gov/fdsys/pkg/FR-1999-08-19/pdf/99-21317.pdf"" target=""_blank"">08/19/1999 (PDF)</a>","<a href=""http://www.gpo.gov/fdsys/pkg/FR-1999-09-28/pdf/99-25134.pdf"" target=""_blank"">09/28/1999 (PDF)</a>",,No,-8433039.306,5067523.152
Lehigh Electric & Engineering Co.,30.26,PAD980712731,301543,3,Pennsylvania,Old Forge Borough,Lackawanna,Deleted NPL Site,41.357531,-75.740689,12/30/1982,9/8/1983,3/7/1986,13,12/31/1985,3/7/1986,"<a href=""https://semspub.epa.gov/src/document/03/900303"" target=""_blank"">PAD980712731 (PDF)</a>","<a href=""https://cumulis.epa.gov/supercpad/cursites/csitinfo.cfm?id=0301543"" target=""_blank"">Lehigh Electric & Engineering Co.</a>","<a href=""https://semspub.epa.gov/src/document/11/189619"" target=""_blank"">12/30/1982 (PDF)</a>","<a href=""https://semspub.epa.gov/src/document/11/189620"" target=""_blank"">09/08/1983 (PDF)</a>","<a href=""https://semspub.epa.gov/src/document/02/363201"" target=""_blank"">12/31/1985 (PDF)</a>","<a href=""https://semspub.epa.gov/src/document/11/189621"" target=""_blank"">03/07/1986 (PDF)</a>",,No,-8431414.932,5065221.299
Lindane Dump,51.62,PAD980712798,301544,3,Pennsylvania,Harrison Township,Allegheny,NPL Site,40.6257,-79.7155,12/30/1982,9/8/1983,9/27/1999,651,,,"<a href=""https://semspub.epa.gov/src/document/03/900304"" target=""_blank"">PAD980712798 (PDF)</a>","<a href=""https://cumulis.epa.gov/supercpad/cursites/csitinfo.cfm?id=0301544"" target=""_blank"">Lindane Dump</a>","<a href=""https://semspub.epa.gov/src/document/11/189619"" target=""_blank"">12/30/1982 (PDF)</a>","<a href=""https://semspub.epa.gov/src/document/11/189620"" target=""_blank"">09/08/1983 (PDF)</a>",,,,No,-8873888.868,4957288.281
Lord-Shope Landfill,38.89,PAD980508931,301231,3,Pennsylvania,Girard Township,Erie,NPL Site,41.977781,-80.3525,12/30/1982,9/8/1983,9/30/1996,395,,,"<a href=""https://semspub.epa.gov/src/document/03/900305"" target=""_blank"">PAD980508931 (PDF)</a>","<a href=""https://cumulis.epa.gov/supercpad/cursites/csitinfo.cfm?id=0301231"" target=""_blank"">Lord-Shope Landfill</a>","<a href=""https://semspub.epa.gov/src/document/11/189619"" target=""_blank"">12/30/1982 (PDF)</a>","<a href=""https://semspub.epa.gov/src/document/11/189620"" target=""_blank"">09/08/1983 (PDF)</a>",,,,No,-8944799.384,5157651.726
Malvern TCE,46.69,PAD014353445,300868,3,Pennsylvania,Malvern,Chester,NPL Site,40.061669,-75.56805,12/30/1982,9/8/1983,7/23/2010,1085,,,"<a href=""https://semspub.epa.gov/src/document/03/900306"" target=""_blank"">PAD014353445 (PDF)</a>","<a href=""https://cumulis.epa.gov/supercpad/cursites/csitinfo.cfm?id=0300868"" target=""_blank"">Malvern TCE</a>","<a href=""https://semspub.epa.gov/src/document/11/189619"" target=""_blank"">12/30/1982 (PDF)</a>","<a href=""https://semspub.epa.gov/src/document/11/189620"" target=""_blank"">09/08/1983 (PDF)</a>",,,,No,-8412196.846,4874907.901
McAdoo Associates,0,PAD980712616,301540,3,Pennsylvania,McAdoo Borough,Schuylkill,Deleted NPL Site,40.878331,-76.001389,12/30/1982,9/8/1983,9/26/1995,325,10/3/2001,12/13/2001,"<a href=""https://semspub.epa.gov/src/document/03/900307"" target=""_blank"">PAD980712616 (PDF)</a>","<a href=""https://cumulis.epa.gov/supercpad/cursites/csitinfo.cfm?id=0301540"" target=""_blank"">McAdoo Associates</a>","<a href=""https://semspub.epa.gov/src/document/11/189619"" target=""_blank"">12/30/1982 (PDF)</a>","<a href=""https://semspub.epa.gov/src/document/11/189620"" target=""_blank"">09/08/1983 (PDF)</a>","<a href=""http://www.gpo.gov/fdsys/pkg/FR-2001-10-03/pdf/01-24486.pdf"" target=""_blank"">10/03/2001 (PDF)</a>","<a href=""http://www.gpo.gov/fdsys/pkg/FR-2001-12-13/pdf/01-30819.pdf"" target=""_blank"">12/13/2001 (PDF)</a>",,No,-8460435.923,4994412.044
Metal Banks,33.23,PAD046557096,300951,3,Pennsylvania,Philadelphia,Philadelphia,NPL Site,40.024169,-75.027781,12/30/1982,9/8/1983,3/23/2010,1083,,,"<a href=""https://semspub.epa.gov/src/document/03/900308"" target=""_blank"">PAD046557096 (PDF)</a>","<a href=""https://cumulis.epa.gov/supercpad/cursites/csitinfo.cfm?id=0300951"" target=""_blank"">Metal Banks</a>","<a href=""https://semspub.epa.gov/src/document/11/189619"" target=""_blank"">12/30/1982 (PDF)</a>","<a href=""https://semspub.epa.gov/src/document/11/189620"" target=""_blank"">09/08/1983 (PDF)</a>",,,,No,-8352054.376,4869455.075
Mill Creek Dump,49.31,PAD980231690,301185,3,Pennsylvania,Erie,Erie,NPL Site,42.093331,-80.152781,9/8/1983,9/21/1984,9/26/2001,788,,,"<a href=""https://semspub.epa.gov/src/document/03/900309"" target=""_blank"">PAD980231690 (PDF)</a>","<a href=""https://cumulis.epa.gov/supercpad/cursites/csitinfo.cfm?id=0301185"" target=""_blank"">Mill Creek Dump</a>","<a href=""https://semspub.epa.gov/src/document/11/189640"" target=""_blank"">09/08/1983 (PDF)</a>","<a href=""https://semspub.epa.gov/src/document/11/189627"" target=""_blank"">09/21/1984 (PDF)</a>",,,,No,-8922566.767,5174970.244
Moyers Landfill,37.62,PAD980508766,301226,3,Pennsylvania,Eagleville,Montgomery,Deleted NPL Site,40.155561,-75.433611,12/30/1982,9/8/1983,9/17/2002,826,3/27/2014,5/27/2014,"<a href=""https://semspub.epa.gov/src/document/03/900310"" target=""_blank"">PAD980508766 (PDF)</a>","<a href=""https://cumulis.epa.gov/supercpad/cursites/csitinfo.cfm?id=0301226"" target=""_blank"">Moyers Landfill</a>","<a href=""https://semspub.epa.gov/src/document/11/189619"" target=""_blank"">12/30/1982 (PDF)</a>","<a href=""https://semspub.epa.gov/src/document/11/189620"" target=""_blank"">09/08/1983 (PDF)</a>","<a href=""http://www.gpo.gov/fdsys/pkg/FR-2014-03-27/pdf/2014-06812.pdf"" target=""_blank"">03/27/2014 (PDF)</a>","<a href=""http://www.gpo.gov/fdsys/pkg/FR-2014-03-27/pdf/2014-06811.pdf"" target=""_blank"">05/27/2014 (PDF)</a>",,No,-8397231.165,4888573.797
Old City of York Landfill,33.93,PAD980692420,301441,3,Pennsylvania,Seven Valleys,York,NPL Site,39.840281,-76.759719,12/30/1982,9/8/1983,9/27/1996,393,,,"<a href=""https://semspub.epa.gov/src/document/03/900311"" target=""_blank"">PAD980692420 (PDF)</a>","<a href=""https://cumulis.epa.gov/supercpad/cursites/csitinfo.cfm?id=0301441"" target=""_blank"">Old City of York Landfill</a>","<a href=""https://semspub.epa.gov/src/document/11/189619"" target=""_blank"">12/30/1982 (PDF)</a>","<a href=""https://semspub.epa.gov/src/document/11/189620"" target=""_blank"">09/08/1983 (PDF)</a>",,,,No,-8544852.833,4842759.423
Osborne Landfill,54.6,PAD980712673,301541,3,Pennsylvania,Grove City,Mercer,NPL Site,41.161111,-80.058331,12/30/1982,9/8/1983,9/21/1998,540,,,"<a href=""https://semspub.epa.gov/src/document/03/900312"" target=""_blank"">PAD980712673 (PDF)</a>","<a href=""https://cumulis.epa.gov/supercpad/cursites/csitinfo.cfm?id=0301541"" target=""_blank"">Osborne Landfill</a>","<a href=""https://semspub.epa.gov/src/document/11/189619"" target=""_blank"">12/30/1982 (PDF)</a>","<a href=""https://semspub.epa.gov/src/document/11/189620"" target=""_blank"">09/08/1983 (PDF)</a>",,,,No,-8912052.641,5036134.622
Palmerton Zinc Pile,42.93,PAD002395887,300624,3,Pennsylvania,Palmerton,Carbon,NPL Site,40.808331,-75.583339,12/30/1982,9/8/1983,,0,,,"<a href=""https://semspub.epa.gov/src/document/03/900313"" target=""_blank"">PAD002395887 (PDF)</a>","<a href=""https://cumulis.epa.gov/supercpad/cursites/csitinfo.cfm?id=0300624"" target=""_blank"">Palmerton Zinc Pile</a>","<a href=""https://semspub.epa.gov/src/document/11/189619"" target=""_blank"">12/30/1982 (PDF)</a>","<a href=""https://semspub.epa.gov/src/document/11/189620"" target=""_blank"">09/08/1983 (PDF)</a>",,,,"<a href=""https://www.epa.gov/superfund/partially-deleted-national-priorities-list-npl-sites-site-name"" target=""_blank"">Yes</a>",-8413898.81,4984111.504
Presque Isle,40.59,PAD980508865,301229,3,Pennsylvania,Erie,Erie,Deleted NPL Site,42.1497,-80.1333,12/30/1982,9/8/1983,3/8/1988,20,7/28/1988,2/13/1989,"<a href=""https://semspub.epa.gov/src/document/03/900314"" target=""_blank"">PAD980508865 (PDF)</a>","<a href=""https://cumulis.epa.gov/supercpad/cursites/csitinfo.cfm?id=0301229"" target=""_blank"">Presque Isle</a>","<a href=""https://semspub.epa.gov/src/document/11/189619"" target=""_blank"">12/30/1982 (PDF)</a>","<a href=""https://semspub.epa.gov/src/document/11/189620"" target=""_blank"">09/08/1983 (PDF)</a>","<a href=""https://semspub.epa.gov/src/document/03/900056"" target=""_blank"">07/28/1988 (PDF)</a>","<a href=""https://semspub.epa.gov/src/document/03/900399"" target=""_blank"">02/13/1989 (PDF)</a>",,No,-8920398.152,5183430.222
Resin Disposal,37.69,PAD063766828,301042,3,Pennsylvania,Jefferson Borough,Allegheny,Deleted NPL Site,40.2705,-79.9124,12/30/1982,9/8/1983,11/20/1996,412,8/22/2003,10/21/2003,"<a href=""https://semspub.epa.gov/src/document/03/900315"" target=""_blank"">PAD063766828 (PDF)</a>","<a href=""https://cumulis.epa.gov/supercpad/cursites/csitinfo.cfm?id=0301042"" target=""_blank"">Resin Disposal</a>","<a href=""https://semspub.epa.gov/src/document/11/189619"" target=""_blank"">12/30/1982 (PDF)</a>","<a href=""https://semspub.epa.gov/src/document/11/189620"" target=""_blank"">09/08/1983 (PDF)</a>","<a href=""http://www.gpo.gov/fdsys/pkg/FR-2003-08-22/pdf/03-21597.pdf"" target=""_blank"">08/22/2003 (PDF)</a>","<a href=""http://www.gpo.gov/fdsys/pkg/FR-2003-08-22/pdf/03-21596.pdf"" target=""_blank"">10/21/2003 (PDF)</a>",,No,-8895807.676,4905328.815
Stanley Kessler,33.89,PAD014269971,300862,3,Pennsylvania,King of Prussia,Montgomery,NPL Site,40.083889,-75.355,12/30/1982,9/8/1983,11/2/1998,586,,,"<a href=""https://semspub.epa.gov/src/document/03/900316"" target=""_blank"">PAD014269971 (PDF)</a>","<a href=""https://cumulis.epa.gov/supercpad/cursites/csitinfo.cfm?id=0300862"" target=""_blank"">Stanley Kessler</a>","<a href=""https://semspub.epa.gov/src/document/11/189619"" target=""_blank"">12/30/1982 (PDF)</a>","<a href=""https://semspub.epa.gov/src/document/11/189620"" target=""_blank"">09/08/1983 (PDF)</a>",,,,No,-8388480.229,4878140.299
Taylor Borough Dump,30.94,PAD980693907,301506,3,Pennsylvania,Taylor Borough,Lackawanna,Deleted NPL Site,41.407219,-75.718331,9/8/1983,9/21/1984,12/31/1988,33,8/19/1999,9/30/1999,"<a href=""https://semspub.epa.gov/src/document/03/900317"" target=""_blank"">PAD980693907 (PDF)</a>","<a href=""https://cumulis.epa.gov/supercpad/cursites/csitinfo.cfm?id=0301506"" target=""_blank"">Taylor Borough Dump</a>","<a href=""https://semspub.epa.gov/src/document/11/189640"" target=""_blank"">09/08/1983 (PDF)</a>","<a href=""https://semspub.epa.gov/src/document/11/189627"" target=""_blank"">09/21/1984 (PDF)</a>","<a href=""http://www.gpo.gov/fdsys/pkg/FR-1999-08-19/pdf/99-21316.pdf"" target=""_blank"">08/19/1999 (PDF)</a>","<a href=""http://www.gpo.gov/fdsys/pkg/FR-1999-09-30/pdf/99-25433.pdf"" target=""_blank"">09/30/1999 (PDF)</a>",,No,-8428926.051,5072593.199
Voortman Farm,28.62,PAD980692719,301453,3,Pennsylvania,Upper Saucon Township,Lehigh,Deleted NPL Site,40.547,-75.4475,12/30/1982,9/8/1983,3/9/1989,35,3/24/1989,5/31/1989,"<a href=""https://semspub.epa.gov/src/document/03/900318"" target=""_blank"">PAD980692719 (PDF)</a>","<a href=""https://cumulis.epa.gov/supercpad/cursites/csitinfo.cfm?id=0301453"" target=""_blank"">Voortman Farm</a>","<a href=""https://semspub.epa.gov/src/document/11/189619"" target=""_blank"">12/30/1982 (PDF)</a>","<a href=""https://semspub.epa.gov/src/document/11/189620"" target=""_blank"">09/08/1983 (PDF)</a>","<a href=""https://semspub.epa.gov/src/document/03/900059"" target=""_blank"">03/24/1989 (PDF)</a>","<a href=""https://semspub.epa.gov/src/document/03/900402"" target=""_blank"">05/31/1989 (PDF)</a>",,No,-8398777.282,4945752.144
Wade (ABM),36.63,PAD980539407,301343,3,Pennsylvania,Chester,Delaware,Deleted NPL Site,39.8337,-75.3775,12/30/1982,9/8/1983,6/29/1988,29,12/2/1988,3/23/1989,"<a href=""https://semspub.epa.gov/src/document/03/900319"" target=""_blank"">PAD980539407 (PDF)</a>","<a href=""https://cumulis.epa.gov/supercpad/cursites/csitinfo.cfm?id=0301343"" target=""_blank"">Wade (ABM)</a>","<a href=""https://semspub.epa.gov/src/document/11/189619"" target=""_blank"">12/30/1982 (PDF)</a>","<a href=""https://semspub.epa.gov/src/document/11/189620"" target=""_blank"">09/08/1983 (PDF)</a>","<a href=""https://semspub.epa.gov/src/document/03/900058"" target=""_blank"">12/02/1988 (PDF)</a>","<a href=""https://semspub.epa.gov/src/document/03/900401"" target=""_blank"">03/23/1989 (PDF)</a>",,No,-8390984.917,4841805.363
Westline Site,31.71,PAD980692537,301444,3,Pennsylvania,Westline,McKean,Deleted NPL Site,41.774719,-78.771669,12/30/1982,9/8/1983,2/22/1991,52,12/17/1991,10/14/1992,"<a href=""https://semspub.epa.gov/src/document/03/900320"" target=""_blank"">PAD980692537 (PDF)</a>","<a href=""https://cumulis.epa.gov/supercpad/cursites/csitinfo.cfm?id=0301444"" target=""_blank"">Westline Site</a>","<a href=""https://semspub.epa.gov/src/document/11/189619"" target=""_blank"">12/30/1982 (PDF)</a>","<a href=""https://semspub.epa.gov/src/document/11/189620"" target=""_blank"">09/08/1983 (PDF)</a>","<a href=""https://semspub.epa.gov/src/document/03/900062"" target=""_blank"">12/17/1991 (PDF)</a>","<a href=""https://semspub.epa.gov/src/document/11/189625"" target=""_blank"">10/14/1992 (PDF)</a>",,No,-8768822.082,5127292.951
Berks Sand Pit,32.02,PAD980691794,301434,3,Pennsylvania,Longswamp Township,Berks,NPL Site,40.4646,-75.6273,9/8/1983,9/21/1984,6/28/1994,239,,,"<a href=""https://semspub.epa.gov/src/document/03/900321"" target=""_blank"">PAD980691794 (PDF)</a>","<a href=""https://cumulis.epa.gov/supercpad/cursites/csitinfo.cfm?id=0301434"" target=""_blank"">Berks Sand Pit</a>","<a href=""https://semspub.epa.gov/src/document/11/189640"" target=""_blank"">09/08/1983 (PDF)</a>","<a href=""https://semspub.epa.gov/src/document/11/189627"" target=""_blank"">09/21/1984 (PDF)</a>",,,,No,-8418792.526,4933688.166
Dorney Road Landfill,46.1,PAD980508832,301228,3,Pennsylvania,Upper Macungie Township,Lehigh,Deleted NPL Site,40.527781,-75.654169,9/8/1983,9/21/1984,9/28/1999,653,7/17/2018,9/24/2018,"<a href=""https://semspub.epa.gov/src/document/03/900322"" target=""_blank"">PAD980508832 (PDF)</a>","<a href=""https://cumulis.epa.gov/supercpad/cursites/csitinfo.cfm?id=0301228"" target=""_blank"">Dorney Road Landfill</a>","<a href=""https://semspub.epa.gov/src/document/11/189640"" target=""_blank"">09/08/1983 (PDF)</a>","<a href=""https://semspub.epa.gov/src/document/11/189627"" target=""_blank"">09/21/1984 (PDF)</a>","<a href=""http://www.gpo.gov/fdsys/pkg/FR-2018-07-17/pdf/2018-15245.pdf"" target=""_blank"">07/17/2018 (PDF)</a>","<a href=""http://www.gpo.gov/fdsys/pkg/FR-2018-09-24/pdf/2018-20745.pdf"" target=""_blank"">09/24/2018 (PDF)</a>",,No,-8421783.569,4942937.013
East Mount Zion,41.01,PAD980690549,301426,3,Pennsylvania,Springettsbury Township,York,NPL Site,40.0075,-76.665281,9/8/1983,9/21/1984,2/4/1999,589,,,"<a href=""https://semspub.epa.gov/src/document/03/900323"" target=""_blank"">PAD980690549 (PDF)</a>","<a href=""https://cumulis.epa.gov/supercpad/cursites/csitinfo.cfm?id=0301426"" target=""_blank"">East Mount Zion</a>","<a href=""https://semspub.epa.gov/src/document/11/189640"" target=""_blank"">09/08/1983 (PDF)</a>","<a href=""https://semspub.epa.gov/src/document/11/189627"" target=""_blank"">09/21/1984 (PDF)</a>",,,,No,-8534340.042,4867032.219
Henderson Road,41.69,PAD009862939,300847,3,Pennsylvania,Upper Merion Township,Montgomery,NPL Site,40.086939,-75.35555,9/8/1983,9/21/1984,10/28/1992,150,,,"<a href=""https://semspub.epa.gov/src/document/03/900324"" target=""_blank"">PAD009862939 (PDF)</a>","<a href=""https://cumulis.epa.gov/supercpad/cursites/csitinfo.cfm?id=0300847"" target=""_blank"">Henderson Road</a>","<a href=""https://semspub.epa.gov/src/document/11/189640"" target=""_blank"">09/08/1983 (PDF)</a>","<a href=""https://semspub.epa.gov/src/document/11/189627"" target=""_blank"">09/21/1984 (PDF)</a>",,,,No,-8388541.454,4878584.073
Walsh Landfill,33.64,PAD980829527,301570,3,Pennsylvania,Honeybrook Township,Chester,NPL Site,40.119719,-75.915281,9/8/1983,9/21/1984,8/16/2006,977,,,"<a href=""https://semspub.epa.gov/src/document/03/900325"" target=""_blank"">PAD980829527 (PDF)</a>","<a href=""https://cumulis.epa.gov/supercpad/cursites/csitinfo.cfm?id=0301570"" target=""_blank"">Walsh Landfill</a>","<a href=""https://semspub.epa.gov/src/document/11/189640"" target=""_blank"">09/08/1983 (PDF)</a>","<a href=""https://semspub.epa.gov/src/document/11/189627"" target=""_blank"">09/21/1984 (PDF)</a>",,,,No,-8450850.424,4883354.8
Raymark,53.42,PAD039017694,300894,3,Pennsylvania,Hatboro,Montgomery,NPL Site,40.179719,-75.098611,6/24/1988,10/4/1989,9/14/1995,323,,,"<a href=""https://semspub.epa.gov/src/document/03/900326"" target=""_blank"">PAD039017694 (PDF)</a>","<a href=""https://cumulis.epa.gov/supercpad/cursites/csitinfo.cfm?id=0300894"" target=""_blank"">Raymark</a>","<a href=""https://semspub.epa.gov/src/document/11/189648"" target=""_blank"">06/24/1988 (PDF)</a>","<a href=""https://semspub.epa.gov/src/document/11/189633"" target=""_blank"">10/04/1989 (PDF)</a>",,,,No,-8359939.136,4892093.027
Industrial Lane,42.47,PAD980508493,301211,3,Pennsylvania,Williams Township,Northampton,NPL Site,40.665831,-75.228611,9/8/1983,9/21/1984,6/29/1999,605,,,"<a href=""https://semspub.epa.gov/src/document/03/900327"" target=""_blank"">PAD980508493 (PDF)</a>","<a href=""https://cumulis.epa.gov/supercpad/cursites/csitinfo.cfm?id=0301211"" target=""_blank"">Industrial Lane</a>","<a href=""https://semspub.epa.gov/src/document/11/189640"" target=""_blank"">09/08/1983 (PDF)</a>","<a href=""https://semspub.epa.gov/src/document/11/189627"" target=""_blank"">09/21/1984 (PDF)</a>",,,,No,-8374410.67,4963176.064
Tysons Dump,63.1,PAD980692024,301436,3,Pennsylvania,Upper Merion Township,Montgomery,NPL Site,40.111389,-75.362781,9/8/1983,9/21/1984,12/22/1997,505,,,"<a href=""https://semspub.epa.gov/src/document/03/900328"" target=""_blank"">PAD980692024 (PDF)</a>","<a href=""https://cumulis.epa.gov/supercpad/cursites/csitinfo.cfm?id=0301436"" target=""_blank"">Tysons Dump</a>","<a href=""https://semspub.epa.gov/src/document/11/189640"" target=""_blank"">09/08/1983 (PDF)</a>","<a href=""https://semspub.epa.gov/src/document/11/189627"" target=""_blank"">09/21/1984 (PDF)</a>",,,,No,-8389346.406,4882142.253
Letterkenny Army Depot (SE Area),34.21,PA6213820503,302467,3,Pennsylvania,Chambersburg,Franklin,NPL Site,39.9957,-77.6444,10/15/1984,7/22/1987,,0,,,"<a href=""https://semspub.epa.gov/src/document/03/900329"" target=""_blank"">PA6213820503 (PDF)</a>","<a href=""https://cumulis.epa.gov/supercpad/cursites/csitinfo.cfm?id=0302467"" target=""_blank"">Letterkenny Army Depot (SE Area)</a>","<a href=""https://semspub.epa.gov/src/document/11/189641"" target=""_blank"">10/15/1984 (PDF)</a>","<a href=""https://semspub.epa.gov/src/document/11/189629"" target=""_blank"">07/22/1987 (PDF)</a>",,,,"<a href=""https://www.epa.gov/superfund/partially-deleted-national-priorities-list-npl-sites-site-name"" target=""_blank"">Yes</a>",-8643335.071,4865317.435
Modern Sanitation Landfill,33.93,PAD980539068,301322,3,Pennsylvania,Lower Windsor Township,York,NPL Site,39.960561,-76.5925,10/15/1984,6/10/1986,10/20/2000,758,,,"<a href=""https://semspub.epa.gov/src/document/03/900330"" target=""_blank"">PAD980539068 (PDF)</a>","<a href=""https://cumulis.epa.gov/supercpad/cursites/csitinfo.cfm?id=0301322"" target=""_blank"">Modern Sanitation Landfill</a>","<a href=""https://semspub.epa.gov/src/document/11/189641"" target=""_blank"">10/15/1984 (PDF)</a>","<a href=""https://semspub.epa.gov/src/document/11/189628"" target=""_blank"">06/10/1986 (PDF)</a>",,,,No,-8526238.099,4860212.766
MW Manufacturing,46.44,PAD980691372,301428,3,Pennsylvania,Valley Township,Montour,NPL Site,40.99,-76.641669,10/15/1984,6/10/1986,9/28/2005,958,,,"<a href=""https://semspub.epa.gov/src/document/03/900331"" target=""_blank"">PAD980691372 (PDF)</a>","<a href=""https://cumulis.epa.gov/supercpad/cursites/csitinfo.cfm?id=0301428"" target=""_blank"">MW Manufacturing</a>","<a href=""https://semspub.epa.gov/src/document/11/189641"" target=""_blank"">10/15/1984 (PDF)</a>","<a href=""https://semspub.epa.gov/src/document/11/189628"" target=""_blank"">06/10/1986 (PDF)</a>",,,,No,-8531711.567,5010866.778
Brown's Battery Breaking,37.34,PAD980831812,301625,3,Pennsylvania,Shoemakersville,Berks,NPL Site,40.519439,-76.001389,10/15/1984,6/10/1986,11/3/2003,889,,,"<a href=""https://semspub.epa.gov/src/document/03/900332"" target=""_blank"">PAD980831812 (PDF)</a>","<a href=""https://cumulis.epa.gov/supercpad/cursites/csitinfo.cfm?id=0301625"" target=""_blank"">Brown's Battery Breaking</a>","<a href=""https://semspub.epa.gov/src/document/11/189641"" target=""_blank"">10/15/1984 (PDF)</a>","<a href=""https://semspub.epa.gov/src/document/11/189628"" target=""_blank"">06/10/1986 (PDF)</a>",,,,No,-8460435.923,4941715.357
Ambler Asbestos Piles,34.47,PAD000436436,300445,3,Pennsylvania,Ambler,Montgomery,Deleted NPL Site,40.149719,-75.227219,10/15/1984,6/10/1986,8/30/1993,180,9/5/1996,12/27/1996,"<a href=""https://semspub.epa.gov/src/document/03/900333"" target=""_blank"">PAD000436436 (PDF)</a>","<a href=""https://cumulis.epa.gov/supercpad/cursites/csitinfo.cfm?id=0300445"" target=""_blank"">Ambler Asbestos Piles</a>","<a href=""https://semspub.epa.gov/src/document/11/189641"" target=""_blank"">10/15/1984 (PDF)</a>","<a href=""https://semspub.epa.gov/src/document/11/189628"" target=""_blank"">06/10/1986 (PDF)</a>","<a href=""http://www.gpo.gov/fdsys/pkg/FR-1996-09-05/pdf/96-22378.pdf"" target=""_blank"">09/05/1996 (PDF)</a>","<a href=""http://www.gpo.gov/fdsys/pkg/FR-1996-12-27/pdf/96-32660.pdf"" target=""_blank"">12/27/1996 (PDF)</a>",,No,-8374255.713,4887722.949
Hunterstown Road,48.27,PAD980830897,301595,3,Pennsylvania,Straban Township,Adams,NPL Site,39.85305,-77.206111,10/15/1984,6/10/1986,9/30/2003,885,,,"<a href=""https://semspub.epa.gov/src/document/03/900334"" target=""_blank"">PAD980830897 (PDF)</a>","<a href=""https://cumulis.epa.gov/supercpad/cursites/csitinfo.cfm?id=0301595"" target=""_blank"">Hunterstown Road</a>","<a href=""https://semspub.epa.gov/src/document/11/189641"" target=""_blank"">10/15/1984 (PDF)</a>","<a href=""https://semspub.epa.gov/src/document/11/189628"" target=""_blank"">06/10/1986 (PDF)</a>",,,,No,-8594544.963,4844610.828
Middletown Air Field,35.69,PAD980538763,301295,3,Pennsylvania,Middletown,Dauphin,Deleted NPL Site,40.1763,-76.7173,10/15/1984,6/10/1986,9/18/1996,397,5/23/1997,7/10/1997,"<a href=""https://semspub.epa.gov/src/document/03/900335"" target=""_blank"">PAD980538763 (PDF)</a>","<a href=""https://cumulis.epa.gov/supercpad/cursites/csitinfo.cfm?id=0301295"" target=""_blank"">Middletown Air Field</a>","<a href=""https://semspub.epa.gov/src/document/11/189641"" target=""_blank"">10/15/1984 (PDF)</a>","<a href=""https://semspub.epa.gov/src/document/11/189628"" target=""_blank"">06/10/1986 (PDF)</a>","<a href=""http://www.gpo.gov/fdsys/pkg/FR-1997-05-23/pdf/97-13481.pdf"" target=""_blank"">05/23/1997 (PDF)</a>","<a href=""http://www.gpo.gov/fdsys/pkg/FR-1997-07-10/pdf/97-17955.pdf"" target=""_blank"">07/10/1997 (PDF)</a>",,No,-8540130.771,4891594.886
Westinghouse Elevator Co. Plant,36.37,PAD043882281,300932,3,Pennsylvania,Cumberland Township,Adams,NPL Site,39.857219,-77.24,10/15/1984,6/10/1986,9/22/1998,544,,,"<a href=""https://semspub.epa.gov/src/document/03/900336"" target=""_blank"">PAD043882281 (PDF)</a>","<a href=""https://cumulis.epa.gov/supercpad/cursites/csitinfo.cfm?id=0300932"" target=""_blank"">Westinghouse Elevator Co. Plant</a>","<a href=""https://semspub.epa.gov/src/document/11/189641"" target=""_blank"">10/15/1984 (PDF)</a>","<a href=""https://semspub.epa.gov/src/document/11/189628"" target=""_blank"">06/10/1986 (PDF)</a>",,,,No,-8598317.469,4845215.375
Whitmoyer Laboratories,46.25,PAD003005014,300643,3,Pennsylvania,Jackson Township,Lebanon,NPL Site,40.364719,-76.325,10/15/1984,6/10/1986,6/6/2002,814,,,"<a href=""https://semspub.epa.gov/src/document/03/900337"" target=""_blank"">PAD003005014 (PDF)</a>","<a href=""https://cumulis.epa.gov/supercpad/cursites/csitinfo.cfm?id=0300643"" target=""_blank"">Whitmoyer Laboratories</a>","<a href=""https://semspub.epa.gov/src/document/11/189641"" target=""_blank"">10/15/1984 (PDF)</a>","<a href=""https://semspub.epa.gov/src/document/11/189628"" target=""_blank"">06/10/1986 (PDF)</a>",,,,No,-8496460.135,4919084.662
"Delta Quarries & Disposal, Inc./Stotler Landfill",41.08,PAD981038052,301982,3,Pennsylvania,"Antis Township, Logan Township",Blair,NPL Site,40.553611,-78.35445,6/10/1986,3/31/1989,12/5/1996,418,,,"<a href=""https://semspub.epa.gov/src/document/03/900338"" target=""_blank"">PAD981038052 (PDF)</a>","<a href=""https://cumulis.epa.gov/supercpad/cursites/csitinfo.cfm?id=0301982"" target=""_blank"">Delta Quarries & Disposal, Inc./Stotler Landfill</a>","<a href=""https://semspub.epa.gov/src/document/11/189644"" target=""_blank"">06/10/1986 (PDF)</a>","<a href=""https://semspub.epa.gov/src/document/11/189631"" target=""_blank"">03/31/1989 (PDF)</a>",,,,No,-8722377.475,4946720.687
Shriver's Corner,46.13,PAD980830889,301594,3,Pennsylvania,Straban Township,Adams,NPL Site,39.8999,-77.2055,10/15/1984,6/10/1986,1/7/2003,848,,,"<a href=""https://semspub.epa.gov/src/document/03/900339"" target=""_blank"">PAD980830889 (PDF)</a>","<a href=""https://cumulis.epa.gov/supercpad/cursites/csitinfo.cfm?id=0301594"" target=""_blank"">Shriver's Corner</a>","<a href=""https://semspub.epa.gov/src/document/11/189641"" target=""_blank"">10/15/1984 (PDF)</a>","<a href=""https://semspub.epa.gov/src/document/11/189628"" target=""_blank"">06/10/1986 (PDF)</a>",,,,No,-8594476.946,4851406.665
York County Solid Waste and Refuse Authority Landfill,44.26,PAD980830715,301590,3,Pennsylvania,Hopewell Township,York,Deleted NPL Site,39.782361,-76.607219,4/10/1985,7/22/1987,9/29/1995,339,12/14/2004,2/14/2005,"<a href=""https://semspub.epa.gov/src/document/03/900340"" target=""_blank"">PAD980830715 (PDF)</a>","<a href=""https://cumulis.epa.gov/supercpad/cursites/csitinfo.cfm?id=0301590"" target=""_blank"">York County Solid Waste and Refuse Authority Landfill</a>","<a href=""https://semspub.epa.gov/src/document/11/189642"" target=""_blank"">04/10/1985 (PDF)</a>","<a href=""https://semspub.epa.gov/src/document/11/189629"" target=""_blank"">07/22/1987 (PDF)</a>","<a href=""http://www.gpo.gov/fdsys/pkg/FR-2004-12-14/pdf/04-27169.pdf"" target=""_blank"">12/14/2004 (PDF)</a>","<a href=""http://www.gpo.gov/fdsys/pkg/FR-2004-12-14/pdf/04-27168.pdf"" target=""_blank"">02/14/2005 (PDF)</a>",,No,-8527876.61,4834365.793
Reeser's Landfill,30.35,PAD980829261,301566,3,Pennsylvania,Upper Macungie Township,Lehigh,Deleted NPL Site,40.5794,-75.6564,4/10/1985,7/22/1987,2/5/1990,42,3/2/1990,5/31/1990,"<a href=""https://semspub.epa.gov/src/document/03/900342"" target=""_blank"">PAD980829261 (PDF)</a>","<a href=""https://cumulis.epa.gov/supercpad/cursites/csitinfo.cfm?id=0301566"" target=""_blank"">Reeser's Landfill</a>","<a href=""https://semspub.epa.gov/src/document/11/189642"" target=""_blank"">04/10/1985 (PDF)</a>","<a href=""https://semspub.epa.gov/src/document/11/189629"" target=""_blank"">07/22/1987 (PDF)</a>","<a href=""https://semspub.epa.gov/src/document/03/900060"" target=""_blank"">03/02/1990 (PDF)</a>","<a href=""https://semspub.epa.gov/src/document/03/900403"" target=""_blank"">05/31/1990 (PDF)</a>",,No,-8422031.923,4950499.812
Keystone Sanitation Landfill,33.76,PAD054142781,300995,3,Pennsylvania,Union Township,Adams,NPL Site,39.72445,-77.036111,4/10/1985,7/22/1987,9/13/2004,907,,,"<a href=""https://semspub.epa.gov/src/document/03/900343"" target=""_blank"">PAD054142781 (PDF)</a>","<a href=""https://cumulis.epa.gov/supercpad/cursites/csitinfo.cfm?id=0300995"" target=""_blank"">Keystone Sanitation Landfill</a>","<a href=""https://semspub.epa.gov/src/document/11/189642"" target=""_blank"">04/10/1985 (PDF)</a>","<a href=""https://semspub.epa.gov/src/document/11/189629"" target=""_blank"">07/22/1987 (PDF)</a>",,,,No,-8575620.649,4825980.528
Lansdowne Radiation Site,0,PAD980830921,301596,3,Pennsylvania,Lansdowne,Delaware,Deleted NPL Site,39.9413,-75.2671,4/10/1985,9/16/1985,2/28/1991,53,3/18/1991,9/10/1991,"<a href=""https://semspub.epa.gov/src/document/03/900344"" target=""_blank"">PAD980830921 (PDF)</a>","<a href=""https://cumulis.epa.gov/supercpad/cursites/csitinfo.cfm?id=0301596"" target=""_blank"">Lansdowne Radiation Site</a>","<a href=""https://semspub.epa.gov/src/document/11/189642"" target=""_blank"">04/10/1985 (PDF)</a>","<a href=""https://semspub.epa.gov/src/document/03/900404"" target=""_blank"">09/16/1985 (PDF)</a>","<a href=""https://semspub.epa.gov/src/document/03/900061"" target=""_blank"">03/18/1991 (PDF)</a>","<a href=""https://semspub.epa.gov/src/document/11/189624"" target=""_blank"">09/10/1991 (PDF)</a>",,No,-8378695.245,4857415.818
Route 940 Drum Dump,44.06,PAD981034630,301831,3,Pennsylvania,Pocono Summit,Monroe,Deleted NPL Site,41.1105,-75.3825,9/18/1985,7/22/1987,9/28/1992,135,8/14/2000,11/30/2000,"<a href=""https://semspub.epa.gov/src/document/03/900345"" target=""_blank"">PAD981034630 (PDF)</a>","<a href=""https://cumulis.epa.gov/supercpad/cursites/csitinfo.cfm?id=0301831"" target=""_blank"">Route 940 Drum Dump</a>","<a href=""https://semspub.epa.gov/src/document/11/189643"" target=""_blank"">09/18/1985 (PDF)</a>","<a href=""https://semspub.epa.gov/src/document/11/189629"" target=""_blank"">07/22/1987 (PDF)</a>","<a href=""http://www.gpo.gov/fdsys/pkg/FR-2000-08-14/pdf/00-20426.pdf"" target=""_blank"">08/14/2000 (PDF)</a>","<a href=""http://www.gpo.gov/fdsys/pkg/FR-2000-11-30/pdf/00-30181.pdf"" target=""_blank"">11/30/2000 (PDF)</a>",,No,-8391541.515,5028654.076
Croydon TCE,31.6,PAD981035009,301849,3,Pennsylvania,Croydon,Bucks,NPL Site,40.084934,-74.8892,9/18/1985,6/10/1986,3/31/1997,424,,,"<a href=""https://semspub.epa.gov/src/document/03/900346"" target=""_blank"">PAD981035009 (PDF)</a>","<a href=""https://cumulis.epa.gov/supercpad/cursites/csitinfo.cfm?id=0301849"" target=""_blank"">Croydon TCE</a>","<a href=""https://semspub.epa.gov/src/document/11/189643"" target=""_blank"">09/18/1985 (PDF)</a>","<a href=""https://semspub.epa.gov/src/document/11/189628"" target=""_blank"">06/10/1986 (PDF)</a>",,,,No,-8336627.61,4878292.344
Revere Chemical Co.,31.31,PAD051395499,300982,3,Pennsylvania,Nockamixon Township,Bucks,NPL Site,40.502781,-75.168889,9/18/1985,7/22/1987,11/2/1998,600,,,"<a href=""https://semspub.epa.gov/src/document/03/900347"" target=""_blank"">PAD051395499 (PDF)</a>","<a href=""https://cumulis.epa.gov/supercpad/cursites/csitinfo.cfm?id=0300982"" target=""_blank"">Revere Chemical Co.</a>","<a href=""https://semspub.epa.gov/src/document/11/189643"" target=""_blank"">09/18/1985 (PDF)</a>","<a href=""https://semspub.epa.gov/src/document/11/189629"" target=""_blank"">07/22/1987 (PDF)</a>",,,,No,-8367762.447,4939276.308
Bendix Flight Systems Division,33.74,PAD003047974,300694,3,Pennsylvania,Bridgewater Township,Susquehanna,NPL Site,41.797361,-75.88625,9/18/1985,7/22/1987,9/30/1996,396,,,"<a href=""https://semspub.epa.gov/src/document/03/900348"" target=""_blank"">PAD003047974 (PDF)</a>","<a href=""https://cumulis.epa.gov/supercpad/cursites/csitinfo.cfm?id=0300694"" target=""_blank"">Bendix Flight Systems Division</a>","<a href=""https://semspub.epa.gov/src/document/11/189643"" target=""_blank"">09/18/1985 (PDF)</a>","<a href=""https://semspub.epa.gov/src/document/11/189629"" target=""_blank"">07/22/1987 (PDF)</a>",,,,No,-8447618.708,5130673.271
C & D Recycling,43.92,PAD021449244,300881,3,Pennsylvania,Foster Township,Luzerne,Deleted NPL Site,41.031389,-75.841669,9/18/1985,7/22/1987,9/30/1999,668,12/26/2017,2/26/2018,"<a href=""https://semspub.epa.gov/src/document/03/900349"" target=""_blank"">PAD021449244 (PDF)</a>","<a href=""https://cumulis.epa.gov/supercpad/cursites/csitinfo.cfm?id=0300881"" target=""_blank"">C & D Recycling</a>","<a href=""https://semspub.epa.gov/src/document/11/189643"" target=""_blank"">09/18/1985 (PDF)</a>","<a href=""https://semspub.epa.gov/src/document/11/189629"" target=""_blank"">07/22/1987 (PDF)</a>","<a href=""http://www.gpo.gov/fdsys/pkg/FR-2017-12-26/pdf/2017-27802.pdf"" target=""_blank"">12/26/2017 (PDF)</a>","<a href=""http://www.gpo.gov/fdsys/pkg/FR-2017-12-26/pdf/2017-27801.pdf"" target=""_blank"">02/26/2018 (PDF)</a>",,No,-8442655.974,5016972.637
Bally Ground Water Contamination,37.93,PAD061105128,301029,3,Pennsylvania,Bally Borough,Berks,NPL Site,40.3984,-75.5933,6/10/1986,7/22/1987,5/28/1999,604,,,"<a href=""https://semspub.epa.gov/src/document/03/900350"" target=""_blank"">PAD061105128 (PDF)</a>","<a href=""https://cumulis.epa.gov/supercpad/cursites/csitinfo.cfm?id=0301029"" target=""_blank"">Bally Ground Water Contamination</a>","<a href=""https://semspub.epa.gov/src/document/11/189644"" target=""_blank"">06/10/1986 (PDF)</a>","<a href=""https://semspub.epa.gov/src/document/11/189629"" target=""_blank"">07/22/1987 (PDF)</a>",,,,No,-8415007.663,4924006.707
"CryoChem, Inc.",28.58,PAD002360444,300602,3,Pennsylvania,Worman,Berks,NPL Site,40.317219,-75.691669,6/10/1986,10/4/1989,9/22/1998,545,,,"<a href=""https://semspub.epa.gov/src/document/03/900351"" target=""_blank"">PAD002360444 (PDF)</a>","<a href=""https://cumulis.epa.gov/supercpad/cursites/csitinfo.cfm?id=0300602"" target=""_blank"">CryoChem, Inc.</a>","<a href=""https://semspub.epa.gov/src/document/11/189644"" target=""_blank"">06/10/1986 (PDF)</a>","<a href=""https://semspub.epa.gov/src/document/11/189633"" target=""_blank"">10/04/1989 (PDF)</a>",,,,No,-8425958.05,4912147.327
Eastern Diversified Metals,31.02,PAD980830533,301588,3,Pennsylvania,Hometown,Schuylkill,NPL Site,40.829439,-75.9975,6/10/1986,10/4/1989,9/16/2008,1043,,,"<a href=""https://semspub.epa.gov/src/document/03/900352"" target=""_blank"">PAD980830533 (PDF)</a>","<a href=""https://cumulis.epa.gov/supercpad/cursites/csitinfo.cfm?id=0301588"" target=""_blank"">Eastern Diversified Metals</a>","<a href=""https://semspub.epa.gov/src/document/11/189644"" target=""_blank"">06/10/1986 (PDF)</a>","<a href=""https://semspub.epa.gov/src/document/11/189633"" target=""_blank"">10/04/1989 (PDF)</a>",,,,No,-8460003.002,4987216.413
Naval Air Development Center (8 Waste Areas),57.93,PA6170024545,302466,3,Pennsylvania,Warminster Township,Bucks,NPL Site,40.1996,-75.0642,6/10/1986,10/4/1989,9/28/2000,739,,,"<a href=""https://semspub.epa.gov/src/document/03/900353"" target=""_blank"">PA6170024545 (PDF)</a>","<a href=""https://cumulis.epa.gov/supercpad/cursites/csitinfo.cfm?id=0302466"" target=""_blank"">Naval Air Development Center (8 Waste Areas)</a>","<a href=""https://semspub.epa.gov/src/document/11/189644"" target=""_blank"">06/10/1986 (PDF)</a>","<a href=""https://semspub.epa.gov/src/document/11/189633"" target=""_blank"">10/04/1989 (PDF)</a>",,,,No,-8356108.521,4894990.143
Hebelka Auto Salvage Yard,31.94,PAD980829329,301568,3,Pennsylvania,Weisenberg Township,Lehigh,Deleted NPL Site,40.576669,-75.667781,6/10/1986,7/22/1987,12/30/1993,225,6/24/1999,9/20/1999,"<a href=""https://semspub.epa.gov/src/document/03/900354"" target=""_blank"">PAD980829329 (PDF)</a>","<a href=""https://cumulis.epa.gov/supercpad/cursites/csitinfo.cfm?id=0301568"" target=""_blank"">Hebelka Auto Salvage Yard</a>","<a href=""https://semspub.epa.gov/src/document/11/189644"" target=""_blank"">06/10/1986 (PDF)</a>","<a href=""https://semspub.epa.gov/src/document/11/189629"" target=""_blank"">07/22/1987 (PDF)</a>","<a href=""http://www.gpo.gov/fdsys/pkg/FR-1999-06-24/pdf/99-15833.pdf"" target=""_blank"">06/24/1999 (PDF)</a>","<a href=""http://www.gpo.gov/fdsys/pkg/FR-1999-09-20/pdf/99-24452.pdf"" target=""_blank"">09/20/1999 (PDF)</a>",,No,-8423298.85,4950099.542
Hellertown Manufacturing Co.,51.91,PAD002390748,300623,3,Pennsylvania,Hellertown,Northampton,NPL Site,40.595417,-75.340947,1/22/1987,3/31/1989,9/27/1996,398,,,"<a href=""https://semspub.epa.gov/src/document/03/900355"" target=""_blank"">PAD002390748 (PDF)</a>","<a href=""https://cumulis.epa.gov/supercpad/cursites/csitinfo.cfm?id=0300623"" target=""_blank"">Hellertown Manufacturing Co.</a>","<a href=""https://semspub.epa.gov/src/document/11/189645"" target=""_blank"">01/22/1987 (PDF)</a>","<a href=""https://semspub.epa.gov/src/document/11/189631"" target=""_blank"">03/31/1989 (PDF)</a>",,,,No,-8386915.856,4952847.68
Novak Sanitary Landfill,42.31,PAD079160842,301109,3,Pennsylvania,South Whitehall Township,Lehigh,NPL Site,40.6332,-75.5611,1/22/1987,10/4/1989,9/17/2002,824,,,"<a href=""https://semspub.epa.gov/src/document/03/900356"" target=""_blank"">PAD079160842 (PDF)</a>","<a href=""https://cumulis.epa.gov/supercpad/cursites/csitinfo.cfm?id=0301109"" target=""_blank"">Novak Sanitary Landfill</a>","<a href=""https://semspub.epa.gov/src/document/11/189645"" target=""_blank"">01/22/1987 (PDF)</a>","<a href=""https://semspub.epa.gov/src/document/11/189633"" target=""_blank"">10/04/1989 (PDF)</a>",,,,"<a href=""https://www.epa.gov/superfund/partially-deleted-national-priorities-list-npl-sites-site-name"" target=""_blank"">Yes</a>",-8411423.176,4958388.367
Aladdin Plating,35.57,PAD075993378,301099,3,Pennsylvania,Scott Township,Lackawanna,Deleted NPL Site,41.491939,-75.662781,1/22/1987,7/22/1987,9/26/1996,399,9/17/2001,11/16/2001,"<a href=""https://semspub.epa.gov/src/document/03/900357"" target=""_blank"">PAD075993378 (PDF)</a>","<a href=""https://cumulis.epa.gov/supercpad/cursites/csitinfo.cfm?id=0301099"" target=""_blank"">Aladdin Plating</a>","<a href=""https://semspub.epa.gov/src/document/11/189645"" target=""_blank"">01/22/1987 (PDF)</a>","<a href=""https://semspub.epa.gov/src/document/11/189629"" target=""_blank"">07/22/1987 (PDF)</a>","<a href=""http://www.gpo.gov/fdsys/pkg/FR-2001-09-17/pdf/01-22998.pdf"" target=""_blank"">09/17/2001 (PDF)</a>","<a href=""http://www.gpo.gov/fdsys/pkg/FR-2001-11-16/pdf/01-28630.pdf"" target=""_blank"">11/16/2001 (PDF)</a>",,No,-8422742.253,5085175.594
Commodore Semiconductor Group,42.35,PAD093730174,301146,3,Pennsylvania,Lower Providence Township,Montgomery,NPL Site,40.1241,-75.4194,1/22/1987,10/4/1989,8/24/2000,705,,,"<a href=""https://semspub.epa.gov/src/document/03/900358"" target=""_blank"">PAD093730174 (PDF)</a>","<a href=""https://cumulis.epa.gov/supercpad/cursites/csitinfo.cfm?id=0301146"" target=""_blank"">Commodore Semiconductor Group</a>","<a href=""https://semspub.epa.gov/src/document/11/189645"" target=""_blank"">01/22/1987 (PDF)</a>","<a href=""https://semspub.epa.gov/src/document/11/189633"" target=""_blank"">10/04/1989 (PDF)</a>",,,,No,-8395649.204,4883992.575
"River Road Landfill (Waste Management, Inc.)",43.12,PAD000439083,300446,3,Pennsylvania,Hermitage,Mercer,Deleted NPL Site,41.266669,-80.4875,1/22/1987,10/4/1989,12/29/1995,373,9/26/2003,1/29/2004,"<a href=""https://semspub.epa.gov/src/document/03/900359"" target=""_blank"">PAD000439083 (PDF)</a>","<a href=""https://cumulis.epa.gov/supercpad/cursites/csitinfo.cfm?id=0300446"" target=""_blank"">River Road Landfill (Waste Management, Inc.)</a>","<a href=""https://semspub.epa.gov/src/document/11/189645"" target=""_blank"">01/22/1987 (PDF)</a>","<a href=""https://semspub.epa.gov/src/document/11/189633"" target=""_blank"">10/04/1989 (PDF)</a>","<a href=""http://www.gpo.gov/fdsys/pkg/FR-2003-09-26/pdf/03-24410.pdf"" target=""_blank"">09/26/2003 (PDF)</a>","<a href=""http://www.gpo.gov/fdsys/pkg/FR-2004-01-29/pdf/04-1823.pdf"" target=""_blank"">01/29/2004 (PDF)</a>",,No,-8959827.515,5051755.208
Saegertown Industrial Area,33.62,PAD980692487,301442,3,Pennsylvania,Saegertown,Crawford,NPL Site,41.71884,-80.142972,6/24/1988,2/21/1990,3/15/2004,894,,,"<a href=""https://semspub.epa.gov/src/document/03/900360"" target=""_blank"">PAD980692487 (PDF)</a>","<a href=""https://cumulis.epa.gov/supercpad/cursites/csitinfo.cfm?id=0301442"" target=""_blank"">Saegertown Industrial Area</a>","<a href=""https://semspub.epa.gov/src/document/11/189648"" target=""_blank"">06/24/1988 (PDF)</a>","<a href=""https://semspub.epa.gov/src/document/11/189635"" target=""_blank"">02/21/1990 (PDF)</a>",,,,"<a href=""https://www.epa.gov/superfund/partially-deleted-national-priorities-list-npl-sites-site-name"" target=""_blank"">Yes</a>",-8921474.834,5118955.643
Berkley Products Co. Dump,30,PAD980538649,301290,3,Pennsylvania,Denver,Lancaster,Deleted NPL Site,40.25555,-76.155281,6/24/1988,3/31/1989,9/19/2001,776,1/18/2007,3/19/2007,"<a href=""https://semspub.epa.gov/src/document/03/900361"" target=""_blank"">PAD980538649 (PDF)</a>","<a href=""https://cumulis.epa.gov/supercpad/cursites/csitinfo.cfm?id=0301290"" target=""_blank"">Berkley Products Co. Dump</a>","<a href=""https://semspub.epa.gov/src/document/11/189648"" target=""_blank"">06/24/1988 (PDF)</a>","<a href=""https://semspub.epa.gov/src/document/11/189631"" target=""_blank"">03/31/1989 (PDF)</a>","<a href=""http://www.gpo.gov/fdsys/pkg/FR-2007-01-18/pdf/E7-534.pdf"" target=""_blank"">01/18/2007 (PDF)</a>","<a href=""http://www.gpo.gov/fdsys/pkg/FR-2007-01-18/pdf/E7-537.pdf"" target=""_blank"">03/19/2007 (PDF)</a>",,No,-8477567.102,4903147.898
Avco Lycoming (Williamsport Division),42.24,PAD003053709,300699,3,Pennsylvania,Williamsport,Lycoming,NPL Site,41.244031,-77.041111,1/22/1987,2/21/1990,9/27/2002,839,,,"<a href=""https://semspub.epa.gov/src/document/03/900362"" target=""_blank"">PAD003053709 (PDF)</a>","<a href=""https://cumulis.epa.gov/supercpad/cursites/csitinfo.cfm?id=0300699"" target=""_blank"">Avco Lycoming (Williamsport Division)</a>","<a href=""https://semspub.epa.gov/src/document/11/189645"" target=""_blank"">01/22/1987 (PDF)</a>","<a href=""https://semspub.epa.gov/src/document/11/189635"" target=""_blank"">02/21/1990 (PDF)</a>",,,,No,-8576177.247,5048403.088
Bell Landfill,34.79,PAD980705107,301509,3,Pennsylvania,Terry Township,Bradford,NPL Site,41.633061,-76.389169,6/24/1988,10/4/1989,2/23/1999,590,,,"<a href=""https://semspub.epa.gov/src/document/03/900363"" target=""_blank"">PAD980705107 (PDF)</a>","<a href=""https://cumulis.epa.gov/supercpad/cursites/csitinfo.cfm?id=0301509"" target=""_blank"">Bell Landfill</a>","<a href=""https://semspub.epa.gov/src/document/11/189648"" target=""_blank"">06/24/1988 (PDF)</a>","<a href=""https://semspub.epa.gov/src/document/11/189633"" target=""_blank"">10/04/1989 (PDF)</a>",,,,No,-8503603.395,5106171.26
William Dick Lagoons,36.64,PAD980537773,301252,3,Pennsylvania,West Caln Township,Chester,NPL Site,40.041939,-75.898061,1/22/1987,7/22/1987,,0,,,"<a href=""https://semspub.epa.gov/src/document/03/900364"" target=""_blank"">PAD980537773 (PDF)</a>","<a href=""https://cumulis.epa.gov/supercpad/cursites/csitinfo.cfm?id=0301252"" target=""_blank"">William Dick Lagoons</a>","<a href=""https://semspub.epa.gov/src/document/11/189645"" target=""_blank"">01/22/1987 (PDF)</a>","<a href=""https://semspub.epa.gov/src/document/11/189629"" target=""_blank"">07/22/1987 (PDF)</a>",,,,No,-8448933.503,4872038.614
Boarhead Farms,39.92,PAD047726161,300963,3,Pennsylvania,Bridgeton Township,Bucks,NPL Site,40.545831,-75.125,6/24/1988,3/31/1989,11/10/2003,890,,,"<a href=""https://semspub.epa.gov/src/document/03/900172"" target=""_blank"">PAD047726161 (PDF)</a>","<a href=""https://cumulis.epa.gov/supercpad/cursites/csitinfo.cfm?id=0300963"" target=""_blank"">Boarhead Farms</a>","<a href=""https://semspub.epa.gov/src/document/11/189648"" target=""_blank"">06/24/1988 (PDF)</a>","<a href=""https://semspub.epa.gov/src/document/11/189631"" target=""_blank"">03/31/1989 (PDF)</a>",,,,No,-8362876.746,4945580.89
Berks Landfill,46.1,PAD000651810,300473,3,Pennsylvania,Spring Township,Berks,Deleted NPL Site,40.291389,-76.031111,6/24/1988,10/4/1989,12/22/2000,760,9/15/2008,11/14/2008,"<a href=""https://semspub.epa.gov/src/document/03/900174"" target=""_blank"">PAD000651810 (PDF)</a>","<a href=""https://cumulis.epa.gov/supercpad/cursites/csitinfo.cfm?id=0300473"" target=""_blank"">Berks Landfill</a>","<a href=""https://semspub.epa.gov/src/document/11/189648"" target=""_blank"">06/24/1988 (PDF)</a>","<a href=""https://semspub.epa.gov/src/document/11/189633"" target=""_blank"">10/04/1989 (PDF)</a>","<a href=""http://www.gpo.gov/fdsys/pkg/FR-2008-09-15/pdf/E8-21306.pdf"" target=""_blank"">09/15/2008 (PDF)</a>","<a href=""http://www.gpo.gov/fdsys/pkg/FR-2008-09-15/pdf/E8-21305.pdf"" target=""_blank"">11/14/2008 (PDF)</a>",,No,-8463744.561,4908376.925
Strasburg Landfill,30.71,PAD000441337,300449,3,Pennsylvania,Newlin Township,Chester,Deleted NPL Site,39.944439,-75.768061,6/24/1988,3/31/1989,9/27/1999,652,7/3/2019,9/5/2019,"<a href=""https://semspub.epa.gov/src/document/03/900175"" target=""_blank"">PAD000441337 (PDF)</a>","<a href=""https://cumulis.epa.gov/supercpad/cursites/csitinfo.cfm?id=0300449"" target=""_blank"">Strasburg Landfill</a>","<a href=""https://semspub.epa.gov/src/document/11/189648"" target=""_blank"">06/24/1988 (PDF)</a>","<a href=""https://semspub.epa.gov/src/document/11/189631"" target=""_blank"">03/31/1989 (PDF)</a>","<a href=""http://www.gpo.gov/fdsys/pkg/FR-2019-07-03/pdf/2019-14251.pdf"" target=""_blank"">07/03/2019 (PDF)</a>","<a href=""http://www.gpo.gov/fdsys/pkg/FR-2019-09-05/pdf/2019-19175.pdf"" target=""_blank"">09/05/2019 (PDF)</a>",,No,-8434461.969,4857871.588
Westinghouse Electric Corp. (Sharon Plant),41.33,PAD005000575,300811,3,Pennsylvania,Sharon,Mercer,NPL Site,41.2434,-80.5058,6/24/1988,8/30/1990,12/22/2005,970,,,"<a href=""https://semspub.epa.gov/src/document/03/900176"" target=""_blank"">PAD005000575 (PDF)</a>","<a href=""https://cumulis.epa.gov/supercpad/cursites/csitinfo.cfm?id=0300811"" target=""_blank"">Westinghouse Electric Corp. (Sharon Plant)</a>","<a href=""https://semspub.epa.gov/src/document/11/189648"" target=""_blank"">06/24/1988 (PDF)</a>","<a href=""https://semspub.epa.gov/src/document/11/189637"" target=""_blank"">08/30/1990 (PDF)</a>",,,,No,-8961864.662,5048309.67
Recticon/Allied Steel Corp.,32.06,PAD002353969,300596,3,Pennsylvania,East Conventry Township,Chester,Deleted NPL Site,40.203469,-75.589031,6/24/1988,10/4/1989,12/14/1999,674,7/17/2018,9/14/2018,"<a href=""https://semspub.epa.gov/src/document/03/900179"" target=""_blank"">PAD002353969 (PDF)</a>","<a href=""https://cumulis.epa.gov/supercpad/cursites/csitinfo.cfm?id=0300596"" target=""_blank"">Recticon/Allied Steel Corp.</a>","<a href=""https://semspub.epa.gov/src/document/11/189648"" target=""_blank"">06/24/1988 (PDF)</a>","<a href=""https://semspub.epa.gov/src/document/11/189633"" target=""_blank"">10/04/1989 (PDF)</a>","<a href=""http://www.gpo.gov/fdsys/pkg/FR-2018-07-17/pdf/2018-15244.pdf"" target=""_blank"">07/17/2018 (PDF)</a>","<a href=""http://www.gpo.gov/fdsys/pkg/FR-2018-09-14/pdf/2018-20039.pdf"" target=""_blank"">09/14/2018 (PDF)</a>",,No,-8414532.44,4895554.043
Occidental Chemical Corp./Firestone Tire & Rubber Co.,45.91,PAD980229298,301183,3,Pennsylvania,Lower Pottsgrove Township,Montgomery,NPL Site,40.232081,-75.614169,6/24/1988,10/4/1989,9/29/2008,1053,,,"<a href=""https://semspub.epa.gov/src/document/03/900181"" target=""_blank"">PAD980229298 (PDF)</a>","<a href=""https://cumulis.epa.gov/supercpad/cursites/csitinfo.cfm?id=0301183"" target=""_blank"">Occidental Chemical Corp./Firestone Tire & Rubber Co.</a>","<a href=""https://semspub.epa.gov/src/document/11/189648"" target=""_blank"">06/24/1988 (PDF)</a>","<a href=""https://semspub.epa.gov/src/document/11/189633"" target=""_blank"">10/04/1989 (PDF)</a>",,,,No,-8417330.79,4899725.194
North Penn - Area 1,35.57,PAD096834494,301156,3,Pennsylvania,Souderton,Montgomery,NPL Site,40.3108,-75.3252,1/22/1987,3/31/1989,9/24/1998,548,,,"<a href=""https://semspub.epa.gov/src/document/03/900182"" target=""_blank"">PAD096834494 (PDF)</a>","<a href=""https://cumulis.epa.gov/supercpad/cursites/csitinfo.cfm?id=0301156"" target=""_blank"">North Penn - Area 1</a>","<a href=""https://semspub.epa.gov/src/document/11/189645"" target=""_blank"">01/22/1987 (PDF)</a>","<a href=""https://semspub.epa.gov/src/document/11/189631"" target=""_blank"">03/31/1989 (PDF)</a>",,,,No,-8385162.908,4911210.212
North Penn - Area 12,28.9,PAD057152365,301012,3,Pennsylvania,Worcester,Montgomery,NPL Site,40.1807,-75.3537,1/22/1987,2/21/1990,9/20/2000,712,,,"<a href=""https://semspub.epa.gov/src/document/03/900183"" target=""_blank"">PAD057152365 (PDF)</a>","<a href=""https://cumulis.epa.gov/supercpad/cursites/csitinfo.cfm?id=0301012"" target=""_blank"">North Penn - Area 12</a>","<a href=""https://semspub.epa.gov/src/document/11/189645"" target=""_blank"">01/22/1987 (PDF)</a>","<a href=""https://semspub.epa.gov/src/document/11/189635"" target=""_blank"">02/21/1990 (PDF)</a>",,,,No,-8388335.513,4892235.961
North Penn - Area 7,35.57,PAD002498632,300629,3,Pennsylvania,North Wales,Montgomery,NPL Site,40.218061,-75.278889,1/22/1987,3/31/1989,,0,,,"<a href=""https://semspub.epa.gov/src/document/03/900184"" target=""_blank"">PAD002498632 (PDF)</a>","<a href=""https://cumulis.epa.gov/supercpad/cursites/csitinfo.cfm?id=0300629"" target=""_blank"">North Penn - Area 7</a>","<a href=""https://semspub.epa.gov/src/document/11/189645"" target=""_blank"">01/22/1987 (PDF)</a>","<a href=""https://semspub.epa.gov/src/document/11/189631"" target=""_blank"">03/31/1989 (PDF)</a>",,,,No,-8380007.591,4897681.093
North Penn - Area 6,35.57,PAD980926976,301733,3,Pennsylvania,Lansdale,Montgomery,NPL Site,40.248331,-75.295639,1/22/1987,3/31/1989,,0,,,"<a href=""https://semspub.epa.gov/src/document/03/900185"" target=""_blank"">PAD980926976 (PDF)</a>","<a href=""https://cumulis.epa.gov/supercpad/cursites/csitinfo.cfm?id=0301733"" target=""_blank"">North Penn - Area 6</a>","<a href=""https://semspub.epa.gov/src/document/11/189645"" target=""_blank"">01/22/1987 (PDF)</a>","<a href=""https://semspub.epa.gov/src/document/11/189631"" target=""_blank"">03/31/1989 (PDF)</a>",,,,"<a href=""https://www.epa.gov/superfund/partially-deleted-national-priorities-list-npl-sites-site-name"" target=""_blank"">Yes</a>",-8381872.192,4902094.957
North Penn - Area 2,35.57,PAD002342475,300579,3,Pennsylvania,Hatfield,Montgomery,NPL Site,40.293889,-75.297781,1/22/1987,10/4/1989,8/8/2012,1127,,,"<a href=""https://semspub.epa.gov/src/document/03/900186"" target=""_blank"">PAD002342475 (PDF)</a>","<a href=""https://cumulis.epa.gov/supercpad/cursites/csitinfo.cfm?id=0300579"" target=""_blank"">North Penn - Area 2</a>","<a href=""https://semspub.epa.gov/src/document/11/189645"" target=""_blank"">01/22/1987 (PDF)</a>","<a href=""https://semspub.epa.gov/src/document/11/189633"" target=""_blank"">10/04/1989 (PDF)</a>",,,,No,-8382110.639,4908741.787
North Penn - Area 5,35.57,PAD980692693,301452,3,Pennsylvania,Montgomery Township,Montgomery,NPL Site,40.2721,-75.2451,1/22/1987,3/31/1989,,0,,,"<a href=""https://semspub.epa.gov/src/document/03/900187"" target=""_blank"">PAD980692693 (PDF)</a>","<a href=""https://cumulis.epa.gov/supercpad/cursites/csitinfo.cfm?id=0301452"" target=""_blank"">North Penn - Area 5</a>","<a href=""https://semspub.epa.gov/src/document/11/189645"" target=""_blank"">01/22/1987 (PDF)</a>","<a href=""https://semspub.epa.gov/src/document/11/189631"" target=""_blank"">03/31/1989 (PDF)</a>",,,,No,-8376246.217,4905562.253
"AMP, Inc. (Glen Rock Facility)",39.03,PAD041421223,300911,3,Pennsylvania,Glen Rock,York,Deleted NPL Site,39.8218,-76.6944,6/24/1988,10/4/1989,12/14/1995,354,7/26/1996,10/2/1996,"<a href=""https://semspub.epa.gov/src/document/03/900190"" target=""_blank"">PAD041421223 (PDF)</a>","<a href=""https://cumulis.epa.gov/supercpad/cursites/csitinfo.cfm?id=0300911"" target=""_blank"">AMP, Inc. (Glen Rock Facility)</a>","<a href=""https://semspub.epa.gov/src/document/11/189648"" target=""_blank"">06/24/1988 (PDF)</a>","<a href=""https://semspub.epa.gov/src/document/11/189633"" target=""_blank"">10/04/1989 (PDF)</a>","<a href=""http://www.gpo.gov/fdsys/pkg/FR-1996-07-26/pdf/96-18838.pdf"" target=""_blank"">07/26/1996 (PDF)</a>","<a href=""http://www.gpo.gov/fdsys/pkg/FR-1996-10-02/pdf/96-24996.pdf"" target=""_blank"">10/02/1996 (PDF)</a>",,No,-8537581.555,4840080.431
Tonolli Corp.,46.58,PAD073613663,301087,3,Pennsylvania,Nesquehoning,Carbon,NPL Site,40.850561,-75.881111,6/24/1988,10/4/1989,12/13/1999,673,,,"<a href=""https://semspub.epa.gov/src/document/03/900191"" target=""_blank"">PAD073613663 (PDF)</a>","<a href=""https://cumulis.epa.gov/supercpad/cursites/csitinfo.cfm?id=0301087"" target=""_blank"">Tonolli Corp.</a>","<a href=""https://semspub.epa.gov/src/document/11/189648"" target=""_blank"">06/24/1988 (PDF)</a>","<a href=""https://semspub.epa.gov/src/document/11/189633"" target=""_blank"">10/04/1989 (PDF)</a>",,,,No,-8447046.637,4990324.371
Butz Landfill,32,PAD981034705,301833,3,Pennsylvania,Stroudsburg,Monroe,NPL Site,41.0335,-75.3438,6/24/1988,3/31/1989,6/20/2001,770,,,"<a href=""https://semspub.epa.gov/src/document/03/900192"" target=""_blank"">PAD981034705 (PDF)</a>","<a href=""https://cumulis.epa.gov/supercpad/cursites/csitinfo.cfm?id=0301833"" target=""_blank"">Butz Landfill</a>","<a href=""https://semspub.epa.gov/src/document/11/189648"" target=""_blank"">06/24/1988 (PDF)</a>","<a href=""https://semspub.epa.gov/src/document/11/189631"" target=""_blank"">03/31/1989 (PDF)</a>",,,,No,-8387233.45,5017284.163
"Jacks Creek/Sitkin Smelting & Refining, Inc.",40.37,PAD980829493,301569,3,Pennsylvania,Maitland,Mifflin,NPL Site,40.641531,-77.475281,6/24/1988,10/4/1989,12/23/2004,928,,,"<a href=""https://semspub.epa.gov/src/document/03/900193"" target=""_blank"">PAD980829493 (PDF)</a>","<a href=""https://cumulis.epa.gov/supercpad/cursites/csitinfo.cfm?id=0301569"" target=""_blank"">Jacks Creek/Sitkin Smelting & Refining, Inc.</a>","<a href=""https://semspub.epa.gov/src/document/11/189648"" target=""_blank"">06/24/1988 (PDF)</a>","<a href=""https://semspub.epa.gov/src/document/11/189633"" target=""_blank"">10/04/1989 (PDF)</a>",,,,No,-8624508.83,4959610.489
Elizabethtown Landfill,28.98,PAD980539712,301361,3,Pennsylvania,Elizabethtown,Lancaster,NPL Site,40.132781,-76.608189,6/24/1988,3/31/1989,,0,,,"<a href=""https://semspub.epa.gov/src/document/03/900194"" target=""_blank"">PAD980539712 (PDF)</a>","<a href=""https://cumulis.epa.gov/supercpad/cursites/csitinfo.cfm?id=0301361"" target=""_blank"">Elizabethtown Landfill</a>","<a href=""https://semspub.epa.gov/src/document/11/189648"" target=""_blank"">06/24/1988 (PDF)</a>","<a href=""https://semspub.epa.gov/src/document/11/189631"" target=""_blank"">03/31/1989 (PDF)</a>",,,,No,-8527984.59,4885256.455
A.I.W. Frank/Mid-County Mustang,42.4,PAD004351003,300773,3,Pennsylvania,Exton,Chester,NPL Site,40.031811,-75.6032,6/24/1988,10/4/1989,11/8/2000,759,,,"<a href=""https://semspub.epa.gov/src/document/03/900195"" target=""_blank"">PAD004351003 (PDF)</a>","<a href=""https://cumulis.epa.gov/supercpad/cursites/csitinfo.cfm?id=0300773"" target=""_blank"">A.I.W. Frank/Mid-County Mustang</a>","<a href=""https://semspub.epa.gov/src/document/11/189648"" target=""_blank"">06/24/1988 (PDF)</a>","<a href=""https://semspub.epa.gov/src/document/11/189633"" target=""_blank"">10/04/1989 (PDF)</a>",,,,No,-8416109.726,4870566.045
Tobyhanna Army Depot,37.93,PA5213820892,302464,3,Pennsylvania,Tobyhanna,Monroe,NPL Site,41.19305,-75.419439,7/14/1989,8/30/1990,9/28/2000,738,,,"<a href=""https://semspub.epa.gov/src/document/03/900196"" target=""_blank"">PA5213820892 (PDF)</a>","<a href=""https://cumulis.epa.gov/supercpad/cursites/csitinfo.cfm?id=0302464"" target=""_blank"">Tobyhanna Army Depot</a>","<a href=""https://semspub.epa.gov/src/document/11/189650"" target=""_blank"">07/14/1989 (PDF)</a>","<a href=""https://semspub.epa.gov/src/document/11/189637"" target=""_blank"">08/30/1990 (PDF)</a>",,,,"<a href=""https://www.epa.gov/superfund/partially-deleted-national-priorities-list-npl-sites-site-name"" target=""_blank"">Yes</a>",-8395653.545,5040858.331
Publicker Industries Inc.,59.06,PAD981939200,303196,3,Pennsylvania,Philadelphia,Philadelphia,Deleted NPL Site,39.90805,-75.135281,5/5/1989,10/4/1989,12/2/1997,500,7/20/2000,11/1/2000,"<a href=""https://semspub.epa.gov/src/document/03/900197"" target=""_blank"">PAD981939200 (PDF)</a>","<a href=""https://cumulis.epa.gov/supercpad/cursites/csitinfo.cfm?id=0303196"" target=""_blank"">Publicker Industries Inc.</a>","<a href=""https://semspub.epa.gov/src/document/11/189649"" target=""_blank"">05/05/1989 (PDF)</a>","<a href=""https://semspub.epa.gov/src/document/11/189633"" target=""_blank"">10/04/1989 (PDF)</a>","<a href=""http://www.gpo.gov/fdsys/pkg/FR-2000-07-20/pdf/00-17752.pdf"" target=""_blank"">07/20/2000 (PDF)</a>","<a href=""http://www.gpo.gov/fdsys/pkg/FR-2000-11-01/pdf/00-27780.pdf"" target=""_blank"">11/01/2000 (PDF)</a>",,No,-8364021.222,4852589.339
Dublin TCE Site,28.9,PAD981740004,302401,3,Pennsylvania,Dublin Borough,Bucks,NPL Site,40.370892,-75.204897,10/26/1989,8/30/1990,,0,,,"<a href=""https://semspub.epa.gov/src/document/03/900198"" target=""_blank"">PAD981740004 (PDF)</a>","<a href=""https://cumulis.epa.gov/supercpad/cursites/csitinfo.cfm?id=0302401"" target=""_blank"">Dublin TCE Site</a>","<a href=""https://semspub.epa.gov/src/document/11/189651"" target=""_blank"">10/26/1989 (PDF)</a>","<a href=""https://semspub.epa.gov/src/document/11/189637"" target=""_blank"">08/30/1990 (PDF)</a>",,,,No,-8371770.839,4919986.582
Ohio River Park,42.24,PAD980508816,301227,3,Pennsylvania,Neville Island,Allegheny,NPL Site,40.518611,-80.1525,10/26/1989,8/30/1990,9/22/1999,647,,,"<a href=""https://semspub.epa.gov/src/document/03/900199"" target=""_blank"">PAD980508816 (PDF)</a>","<a href=""https://cumulis.epa.gov/supercpad/cursites/csitinfo.cfm?id=0301227"" target=""_blank"">Ohio River Park</a>","<a href=""https://semspub.epa.gov/src/document/11/189651"" target=""_blank"">10/26/1989 (PDF)</a>","<a href=""https://semspub.epa.gov/src/document/11/189637"" target=""_blank"">08/30/1990 (PDF)</a>",,,,No,-8922535.486,4941594.108
Crossley Farm,29.66,PAD981740061,302402,3,Pennsylvania,Hereford Township,Berks,NPL Site,40.435417,-75.620611,7/29/1991,10/14/1992,,0,,,"<a href=""https://semspub.epa.gov/src/document/03/900201"" target=""_blank"">PAD981740061 (PDF)</a>","<a href=""https://cumulis.epa.gov/supercpad/cursites/csitinfo.cfm?id=0302402"" target=""_blank"">Crossley Farm</a>","<a href=""https://semspub.epa.gov/src/document/11/189652"" target=""_blank"">07/29/1991 (PDF)</a>","<a href=""https://semspub.epa.gov/src/document/11/189625"" target=""_blank"">10/14/1992 (PDF)</a>",,,,No,-8418047.91,4929419.106
"Rodale Manufacturing Co., Inc.",50,PAD981033285,301744,3,Pennsylvania,Emmaus Borough,Lehigh,NPL Site,40.531111,-75.493333,7/29/1991,10/14/1992,9/29/2003,877,,,"<a href=""https://semspub.epa.gov/src/document/03/900202"" target=""_blank"">PAD981033285 (PDF)</a>","<a href=""https://cumulis.epa.gov/supercpad/cursites/csitinfo.cfm?id=0301744"" target=""_blank"">Rodale Manufacturing Co., Inc.</a>","<a href=""https://semspub.epa.gov/src/document/11/189652"" target=""_blank"">07/29/1991 (PDF)</a>","<a href=""https://semspub.epa.gov/src/document/11/189625"" target=""_blank"">10/14/1992 (PDF)</a>",,,,No,-8403879.388,4943424.722
"Crater Resources, Inc./Keystone Coke Co./Alan Wood Steel Co.",50,PAD980419097,301193,3,Pennsylvania,Upper Merion Township,Montgomery,NPL Site,40.081667,-75.3425,2/7/1992,10/14/1992,,0,,,"<a href=""https://semspub.epa.gov/src/document/03/900203"" target=""_blank"">PAD980419097 (PDF)</a>","<a href=""https://cumulis.epa.gov/supercpad/cursites/csitinfo.cfm?id=0301193"" target=""_blank"">Crater Resources, Inc./Keystone Coke Co./Alan Wood Steel Co.</a>","<a href=""https://semspub.epa.gov/src/document/11/189653"" target=""_blank"">02/07/1992 (PDF)</a>","<a href=""https://semspub.epa.gov/src/document/11/189625"" target=""_blank"">10/14/1992 (PDF)</a>",,,,No,-8387088.735,4877817.012
Foote Mineral Co.,50,PAD077087989,301103,3,Pennsylvania,East Whiteland Township,Chester,NPL Site,40.04,-75.585278,2/7/1992,10/14/1992,10/28/2010,1099,,,"<a href=""https://semspub.epa.gov/src/document/03/900204"" target=""_blank"">PAD077087989 (PDF)</a>","<a href=""https://cumulis.epa.gov/supercpad/cursites/csitinfo.cfm?id=0301103"" target=""_blank"">Foote Mineral Co.</a>","<a href=""https://semspub.epa.gov/src/document/11/189653"" target=""_blank"">02/07/1992 (PDF)</a>","<a href=""https://semspub.epa.gov/src/document/11/189625"" target=""_blank"">10/14/1992 (PDF)</a>",,,,No,-8414114.658,4871756.674
"Metropolitan Mirror and Glass Co., Inc.",34.33,PAD982366957,303257,3,Pennsylvania,Frackville,Schuylkill,Deleted NPL Site,40.775,-76.221667,2/7/1992,10/14/1992,9/30/1998,582,6/17/2005,8/16/2005,"<a href=""https://semspub.epa.gov/src/document/03/900205"" target=""_blank"">PAD982366957 (PDF)</a>","<a href=""https://cumulis.epa.gov/supercpad/cursites/csitinfo.cfm?id=0303257"" target=""_blank"">Metropolitan Mirror and Glass Co., Inc.</a>","<a href=""https://semspub.epa.gov/src/document/11/189653"" target=""_blank"">02/07/1992 (PDF)</a>","<a href=""https://semspub.epa.gov/src/document/11/189625"" target=""_blank"">10/14/1992 (PDF)</a>","<a href=""http://www.gpo.gov/fdsys/pkg/FR-2005-06-17/pdf/05-11828.pdf"" target=""_blank"">06/17/2005 (PDF)</a>","<a href=""http://www.gpo.gov/fdsys/pkg/FR-2005-06-17/pdf/05-11827.pdf"" target=""_blank"">08/16/2005 (PDF)</a>",,No,-8484957.158,4979210.647
Austin Avenue Radiation Site,0,PAD987341716,304433,3,Pennsylvania,Delaware County,Delaware,Deleted NPL Site,39.943056,-75.261944,2/7/1992,10/14/1992,9/27/1999,650,2/19/2002,4/18/2002,"<a href=""https://semspub.epa.gov/src/document/03/900208"" target=""_blank"">PAD987341716 (PDF)</a>","<a href=""https://cumulis.epa.gov/supercpad/cursites/csitinfo.cfm?id=0304433"" target=""_blank"">Austin Avenue Radiation Site</a>","<a href=""https://semspub.epa.gov/src/document/11/189653"" target=""_blank"">02/07/1992 (PDF)</a>","<a href=""https://semspub.epa.gov/src/document/11/189625"" target=""_blank"">10/14/1992 (PDF)</a>","<a href=""http://www.gpo.gov/fdsys/pkg/FR-2002-02-19/pdf/02-3655.pdf"" target=""_blank"">02/19/2002 (PDF)</a>","<a href=""http://www.gpo.gov/fdsys/pkg/FR-2002-04-18/pdf/02-9216.pdf"" target=""_blank"">04/18/2002 (PDF)</a>",,No,-8378121.282,4857670.78
UGI Columbia Gas Plant,50.78,PAD980539126,301328,3,Pennsylvania,Columbia,Lancaster,NPL Site,40.026207,-76.498389,6/23/1993,5/31/1994,9/24/2007,1019,,,"<a href=""https://semspub.epa.gov/src/document/03/900216"" target=""_blank"">PAD980539126 (PDF)</a>","<a href=""https://cumulis.epa.gov/supercpad/cursites/csitinfo.cfm?id=0301328"" target=""_blank"">UGI Columbia Gas Plant</a>","<a href=""https://semspub.epa.gov/src/document/11/189656"" target=""_blank"">06/23/1993 (PDF)</a>","<a href=""https://semspub.epa.gov/src/document/11/189638"" target=""_blank"">05/31/1994 (PDF)</a>",,,,No,-8515761.71,4869751.34
Navy Ships Parts Control Center,50,PA3170022104,302460,3,Pennsylvania,Mechanicsburg,Cumberland,NPL Site,40.223888,-76.99361,1/18/1994,5/31/1994,,0,,,"<a href=""https://semspub.epa.gov/src/document/03/900218"" target=""_blank"">PA3170022104 (PDF)</a>","<a href=""https://cumulis.epa.gov/supercpad/cursites/csitinfo.cfm?id=0302460"" target=""_blank"">Navy Ships Parts Control Center</a>","<a href=""https://semspub.epa.gov/src/document/11/189657"" target=""_blank"">01/18/1994 (PDF)</a>","<a href=""https://semspub.epa.gov/src/document/11/189638"" target=""_blank"">05/31/1994 (PDF)</a>",,,,No,-8570889.46,4898530.612
Butler Mine Tunnel,49.51,PAD980508451,301208,3,Pennsylvania,Pittston,Luzerne,Deleted NPL Site,41.3268,-75.7899,6/10/1986,7/22/1987,9/8/2005,944,5/14/2021,9/14/2021,"<a href=""https://semspub.epa.gov/src/document/03/900220"" target=""_blank"">PAD980508451 (PDF)</a>","<a href=""https://cumulis.epa.gov/supercpad/cursites/csitinfo.cfm?id=0301208"" target=""_blank"">Butler Mine Tunnel</a>","<a href=""https://semspub.epa.gov/src/document/11/189644"" target=""_blank"">06/10/1986 (PDF)</a>","<a href=""https://semspub.epa.gov/src/document/11/189629"" target=""_blank"">07/22/1987 (PDF)</a>","<a href=""http://www.gpo.gov/fdsys/pkg/FR-2021-05-14/pdf/2021-10132.pdf"" target=""_blank"">05/14/2021 (PDF)</a>","<a href=""http://www.gpo.gov/fdsys/pkg/FR-2021-09-14/pdf/2021-19448.pdf"" target=""_blank"">09/14/2021 (PDF)</a>",,No,-8436893.075,5060664.748
Willow Grove Naval Air and Air Reserve Station,50,PAD987277837,303820,3,Pennsylvania,Willow Grove,Montgomery,NPL Site,40.19222,-75.1475,8/23/1994,9/29/1995,,0,,,"<a href=""https://semspub.epa.gov/src/document/03/900223"" target=""_blank"">PAD987277837 (PDF)</a>","<a href=""https://cumulis.epa.gov/supercpad/cursites/csitinfo.cfm?id=0303820"" target=""_blank"">Willow Grove Naval Air and Air Reserve Station</a>","<a href=""https://semspub.epa.gov/src/document/11/189658"" target=""_blank"">08/23/1994 (PDF)</a>","<a href=""http://www.gpo.gov/fdsys/pkg/FR-1995-09-29/pdf/95-24415.pdf"" target=""_blank"">09/29/1995 (PDF)</a>",,,,No,-8365381.434,4893914.609
"Breslube-Penn, Inc",50,PAD089667695,301139,3,Pennsylvania,Coraopolis,Allegheny,NPL Site,40.501389,-80.146389,10/2/1995,6/17/1996,,0,,,"<a href=""https://semspub.epa.gov/src/document/03/900225"" target=""_blank"">PAD089667695 (PDF)</a>","<a href=""https://cumulis.epa.gov/supercpad/cursites/csitinfo.cfm?id=0301139"" target=""_blank"">Breslube-Penn, Inc</a>","<a href=""http://www.gpo.gov/fdsys/pkg/FR-1995-10-02/pdf/95-24414.pdf"" target=""_blank"">10/02/1995 (PDF)</a>","<a href=""http://www.gpo.gov/fdsys/pkg/FR-1996-06-17/pdf/96-15032.pdf"" target=""_blank"">06/17/1996 (PDF)</a>",,,,No,-8921855.212,4939072.52
Salford Quarry,50,PAD980693204,301486,3,Pennsylvania,Lower Salford Township,Montgomery,NPL Site,40.251944,-75.382222,4/1/1997,9/23/2009,,0,,,"<a href=""https://semspub.epa.gov/src/document/03/900028"" target=""_blank"">PAD980693204 (PDF)</a>","<a href=""https://cumulis.epa.gov/supercpad/cursites/csitinfo.cfm?id=0301486"" target=""_blank"">Salford Quarry</a>","<a href=""http://www.gpo.gov/fdsys/pkg/FR-1997-04-01/pdf/97-8087.pdf"" target=""_blank"">04/01/1997 (PDF)</a>","<a href=""http://www.gpo.gov/fdsys/pkg/FR-2009-09-23/pdf/E9-22934.pdf"" target=""_blank"">09/23/2009 (PDF)</a>",,,,No,-8391510.568,4902621.924
Sharon Steel Corp (Farrell Works Disposal Area) ,50,PAD001933175,300530,3,Pennsylvania,Hickory Township,Mercer,NPL Site,41.198611,-80.510278,3/6/1998,7/28/1998,,0,,,"<a href=""https://semspub.epa.gov/src/document/03/900231"" target=""_blank"">PAD001933175 (PDF)</a>","<a href=""https://cumulis.epa.gov/supercpad/cursites/csitinfo.cfm?id=0300530"" target=""_blank"">Sharon Steel Corp (Farrell Works Disposal Area) </a>","<a href=""http://www.gpo.gov/fdsys/pkg/FR-1998-03-06/pdf/98-5726.pdf"" target=""_blank"">03/06/1998 (PDF)</a>","<a href=""http://www.gpo.gov/fdsys/pkg/FR-1998-07-28/pdf/98-20154.pdf"" target=""_blank"">07/28/1998 (PDF)</a>",,,,No,-8962363.151,5041681.026
Old Wilmington Road Ground Water Contamination,50,PAD981938939,302420,3,Pennsylvania,Sadsburyville,Chester,NPL Site,39.995833,-75.908333,7/22/1999,2/4/2000,,0,,,"<a href=""https://semspub.epa.gov/src/document/03/900240"" target=""_blank"">PAD981938939 (PDF)</a>","<a href=""https://cumulis.epa.gov/supercpad/cursites/csitinfo.cfm?id=0302420"" target=""_blank"">Old Wilmington Road Ground Water Contamination</a>","<a href=""http://www.gpo.gov/fdsys/pkg/FR-1999-07-22/pdf/99-18603.pdf"" target=""_blank"">07/22/1999 (PDF)</a>","<a href=""http://www.gpo.gov/fdsys/pkg/FR-2000-02-04/pdf/00-2474.pdf"" target=""_blank"">02/04/2000 (PDF)</a>",,,,No,-8450076.977,4865336.761
Lower Darby Creek Area,50,PASFN0305521,305521,3,Pennsylvania,Darby Township,"Delaware, Philadelphia",NPL Site,39.885556,-75.267778,5/11/2000,6/14/2001,,0,,,"<a href=""https://semspub.epa.gov/src/document/03/900244"" target=""_blank"">PASFN0305521 (PDF)</a>","<a href=""https://cumulis.epa.gov/supercpad/cursites/csitinfo.cfm?id=0305521"" target=""_blank"">Lower Darby Creek Area</a>","<a href=""http://www.gpo.gov/fdsys/pkg/FR-2000-05-11/pdf/00-11563.pdf"" target=""_blank"">05/11/2000 (PDF)</a>","<a href=""http://www.gpo.gov/fdsys/pkg/FR-2001-06-14/pdf/01-14616.pdf"" target=""_blank"">06/14/2001 (PDF)</a>",,,,No,-8378770.72,4849325.5
Valmont TCE,43.16,PAD982363970,303307,3,Pennsylvania,West Hazleton,Luzerne,NPL Site,40.967778,-76.015556,6/14/2001,9/13/2001,9/7/2011,1104,,,"<a href=""https://semspub.epa.gov/src/document/03/900245"" target=""_blank"">PAD982363970 (PDF)</a>","<a href=""https://cumulis.epa.gov/supercpad/cursites/csitinfo.cfm?id=0303307"" target=""_blank"">Valmont TCE</a>","<a href=""http://www.gpo.gov/fdsys/pkg/FR-2001-06-14/pdf/01-14617.pdf"" target=""_blank"">06/14/2001 (PDF)</a>","<a href=""http://www.gpo.gov/fdsys/pkg/FR-2001-09-13/pdf/01-22741.pdf"" target=""_blank"">09/13/2001 (PDF)</a>",,,,No,-8462012.986,5007590.087
Watson Johnson Landfill,70.71,PAD980706824,301517,3,Pennsylvania,Richland Township,Bucks,NPL Site,40.460139,-75.331861,6/14/2001,9/13/2001,3/25/2019,1206,,,"<a href=""https://semspub.epa.gov/src/document/03/900246"" target=""_blank"">PAD980706824 (PDF)</a>","<a href=""https://cumulis.epa.gov/supercpad/cursites/csitinfo.cfm?id=0301517"" target=""_blank"">Watson Johnson Landfill</a>","<a href=""http://www.gpo.gov/fdsys/pkg/FR-2001-06-14/pdf/01-14617.pdf"" target=""_blank"">06/14/2001 (PDF)</a>","<a href=""http://www.gpo.gov/fdsys/pkg/FR-2001-09-13/pdf/01-22741.pdf"" target=""_blank"">09/13/2001 (PDF)</a>",,,,No,-8385904.407,4933035.465
Franklin Slag Pile (MDC),50.2,PASFN0305549,305549,3,Pennsylvania,Philadelphia,Philadelphia,NPL Site,39.983194,-75.083889,9/13/2001,9/5/2002,,0,,,"<a href=""https://semspub.epa.gov/src/document/03/900247"" target=""_blank"">PASFN0305549 (PDF)</a>","<a href=""https://cumulis.epa.gov/supercpad/cursites/csitinfo.cfm?id=0305549"" target=""_blank"">Franklin Slag Pile (MDC)</a>","<a href=""http://www.gpo.gov/fdsys/pkg/FR-2001-09-13/pdf/01-22742.pdf"" target=""_blank"">09/13/2001 (PDF)</a>","<a href=""http://www.gpo.gov/fdsys/pkg/FR-2002-09-05/pdf/02-22538.pdf"" target=""_blank"">09/05/2002 (PDF)</a>",,,,No,-8358300.29,4863500.378
Letterkenny Army Depot (PDO Area),37.51,PA2210090054,302458,3,Pennsylvania,Franklin County,Franklin,NPL Site,40.0075,-77.64,7/22/1987,3/13/1989,,0,,,"<a href=""https://semspub.epa.gov/src/document/03/900252"" target=""_blank"">PA2210090054 (PDF)</a>","<a href=""https://cumulis.epa.gov/supercpad/cursites/csitinfo.cfm?id=0302458"" target=""_blank"">Letterkenny Army Depot (PDO Area)</a>","<a href=""https://semspub.epa.gov/src/document/11/189646"" target=""_blank"">07/22/1987 (PDF)</a>","<a href=""https://semspub.epa.gov/src/document/11/189630"" target=""_blank"">03/13/1989 (PDF)</a>",,,,"<a href=""https://www.epa.gov/superfund/partially-deleted-national-priorities-list-npl-sites-site-name"" target=""_blank"">Yes</a>",-8642845.265,4867032.219
Paoli Rail Yard,32.18,PAD980692594,301447,3,Pennsylvania,Paoli,Chester,NPL Site,40.043189,-75.492919,6/24/1988,8/30/1990,7/12/2005,934,,,"<a href=""https://semspub.epa.gov/src/document/03/900253"" target=""_blank"">PAD980692594 (PDF)</a>","<a href=""https://cumulis.epa.gov/supercpad/cursites/csitinfo.cfm?id=0301447"" target=""_blank"">Paoli Rail Yard</a>","<a href=""https://semspub.epa.gov/src/document/11/189648"" target=""_blank"">06/24/1988 (PDF)</a>","<a href=""https://semspub.epa.gov/src/document/11/189637"" target=""_blank"">08/30/1990 (PDF)</a>",,,,No,-8403833.302,4872220.374
Ryeland Road Arsenic,60.3,PAD981033459,301755,3,Pennsylvania,Heidelberg Township,Berks,NPL Site,40.35395,-76.175361,3/8/2004,7/22/2004,,0,,,"<a href=""https://semspub.epa.gov/src/document/03/900256"" target=""_blank"">PAD981033459 (PDF)</a>","<a href=""https://cumulis.epa.gov/supercpad/cursites/csitinfo.cfm?id=0301755"" target=""_blank"">Ryeland Road Arsenic</a>","<a href=""http://www.gpo.gov/fdsys/pkg/FR-2004-03-08/pdf/04-5109.pdf"" target=""_blank"">03/08/2004 (PDF)</a>","<a href=""http://www.gpo.gov/fdsys/pkg/FR-2004-07-22/pdf/04-16571.pdf"" target=""_blank"">07/22/2004 (PDF)</a>",,,,No,-8479802.398,4917511.43
Price Battery,37.86,PAN000305679,305679,3,Pennsylvania,Hamburg,Berks,NPL Site,40.549507,-75.980228,9/23/2004,4/27/2005,,0,,,"<a href=""https://semspub.epa.gov/src/document/03/900258"" target=""_blank"">PAN000305679 (PDF)</a>","<a href=""https://cumulis.epa.gov/supercpad/cursites/csitinfo.cfm?id=0305679"" target=""_blank"">Price Battery</a>","<a href=""http://www.gpo.gov/fdsys/pkg/FR-2004-09-23/pdf/04-21387.pdf"" target=""_blank"">09/23/2004 (PDF)</a>","<a href=""http://www.gpo.gov/fdsys/pkg/FR-2005-04-27/pdf/05-8321.pdf"" target=""_blank"">04/27/2005 (PDF)</a>",,,,No,-8458080.291,4946119.42
Safety Light Corporation,70.71,PAD987295276,304257,3,Pennsylvania,Bloomsburg,Columbia,NPL Site,41.015278,-76.376389,9/23/2004,4/27/2005,,0,,,"<a href=""https://semspub.epa.gov/src/document/03/900259"" target=""_blank"">PAD987295276 (PDF)</a>","<a href=""https://cumulis.epa.gov/supercpad/cursites/csitinfo.cfm?id=0304257"" target=""_blank"">Safety Light Corporation</a>","<a href=""http://www.gpo.gov/fdsys/pkg/FR-2004-09-23/pdf/04-21387.pdf"" target=""_blank"">09/23/2004 (PDF)</a>","<a href=""http://www.gpo.gov/fdsys/pkg/FR-2005-04-27/pdf/05-8321.pdf"" target=""_blank"">04/27/2005 (PDF)</a>",,,,No,-8502180.732,5014595.427
Jackson Ceramix,30.22,PAD001222025,300517,3,Pennsylvania,Falls Creek,Jefferson,NPL Site,41.139167,-78.801944,4/27/2005,9/14/2005,,0,,,"<a href=""https://semspub.epa.gov/src/document/03/900029"" target=""_blank"">PAD001222025 (PDF)</a>","<a href=""https://cumulis.epa.gov/supercpad/cursites/csitinfo.cfm?id=0300517"" target=""_blank"">Jackson Ceramix</a>","<a href=""http://www.gpo.gov/fdsys/pkg/FR-2005-04-27/pdf/05-8322.pdf"" target=""_blank"">04/27/2005 (PDF)</a>","<a href=""http://www.gpo.gov/fdsys/pkg/FR-2005-09-14/pdf/05-18235.pdf"" target=""_blank"">09/14/2005 (PDF)</a>",,,,No,-8772192.28,5032890.486
Chem-Fab,50,PAD002323848,300563,3,Pennsylvania,Doylestown,Bucks,NPL Site,40.315958,-75.136003,9/19/2007,3/19/2008,,0,,,"<a href=""https://semspub.epa.gov/src/document/03/900031"" target=""_blank"">PAD002323848 (PDF)</a>","<a href=""https://cumulis.epa.gov/supercpad/cursites/csitinfo.cfm?id=0300563"" target=""_blank"">Chem-Fab</a>","<a href=""http://www.gpo.gov/fdsys/pkg/FR-2007-09-19/pdf/E7-18154.pdf"" target=""_blank"">09/19/2007 (PDF)</a>","<a href=""http://www.gpo.gov/fdsys/pkg/FR-2008-03-19/pdf/E8-5557.pdf"" target=""_blank"">03/19/2008 (PDF)</a>",,,,No,-8364101.594,4911963.225
BoRit Asbestos,50,PAD981034887,301842,3,Pennsylvania,Ambler,Montgomery,NPL Site,40.153472,-75.228625,9/3/2008,4/9/2009,6/28/2018,1199,,,"<a href=""https://semspub.epa.gov/src/document/03/900032"" target=""_blank"">PAD981034887 (PDF)</a>","<a href=""https://cumulis.epa.gov/supercpad/cursites/csitinfo.cfm?id=0301842"" target=""_blank"">BoRit Asbestos</a>","<a href=""http://www.gpo.gov/fdsys/pkg/FR-2008-09-03/pdf/E8-20389.pdf"" target=""_blank"">09/03/2008 (PDF)</a>","<a href=""http://www.gpo.gov/fdsys/pkg/FR-2009-04-09/pdf/E9-7825.pdf"" target=""_blank"">04/09/2009 (PDF)</a>",,,,No,-8374412.228,4888269.54
Foster Wheeler Energy Corporation/Church Road TCE,50,PAD003031788,300671,3,Pennsylvania,Mountain Top,Luzerne,Proposed NPL Site,41.133056,-75.878056,4/9/2009,,,0,,,"<a href=""https://semspub.epa.gov/src/document/03/900034"" target=""_blank"">PAD003031788 (PDF)</a>","<a href=""https://cumulis.epa.gov/supercpad/cursites/csitinfo.cfm?id=0300671"" target=""_blank"">Foster Wheeler Energy Corporation/Church Road TCE</a>","<a href=""http://www.gpo.gov/fdsys/pkg/FR-2009-04-09/pdf/E9-7824.pdf"" target=""_blank"">04/09/2009 (PDF)</a>",,,,,No,-8446706.556,5031987.247
Metro Container Corporation,50,PAD044545895,300939,3,Pennsylvania,Trainer,Delaware,NPL Site,39.824981,-75.399047,9/16/2011,3/15/2012,,0,,,"<a href=""https://semspub.epa.gov/src/document/03/900039"" target=""_blank"">PAD044545895 (PDF)</a>","<a href=""https://cumulis.epa.gov/supercpad/cursites/csitinfo.cfm?id=0300939"" target=""_blank"">Metro Container Corporation</a>","<a href=""http://www.gpo.gov/fdsys/pkg/FR-2011-09-16/pdf/2011-23651.pdf"" target=""_blank"">09/16/2011 (PDF)</a>","<a href=""http://www.gpo.gov/fdsys/pkg/FR-2012-03-15/pdf/2012-6329.pdf"" target=""_blank"">03/15/2012 (PDF)</a>",,,,No,-8393383.518,4840541.495
Baghurst Drive,50,PAN000306939,306939,3,Pennsylvania,Harleysville,Montgomery,NPL Site,40.299483,-75.455133,5/12/2014,9/22/2014,,0,,,"<a href=""https://semspub.epa.gov/src/document/03/900040"" target=""_blank"">PAN000306939 (PDF)</a>","<a href=""https://cumulis.epa.gov/supercpad/cursites/csitinfo.cfm?id=0306939"" target=""_blank"">Baghurst Drive</a>","<a href=""http://www.gpo.gov/fdsys/pkg/FR-2014-05-12/pdf/2014-10832.pdf"" target=""_blank"">05/12/2014 (PDF)</a>","<a href=""http://www.gpo.gov/fdsys/pkg/FR-2014-09-22/pdf/2014-22429.pdf"" target=""_blank"">09/22/2014 (PDF)</a>",,,,No,-8399626.983,4909558.25
